Id,Neighborhood,YearBuilt,SalePrice,HeatingQC,CentralAir,Electrical,BsmtFinType1,BsmtExposure,score_heating,score_central_air,score_electrical,score_insulation,score_bsmt_exposure,eco_score,home_type,MoSold,YrSold
1,CollgCr,2003,208500,Ex,Y,SBrkr,GLQ,No,3,2,2,2,0,9,Eco-Friendly,2,2008
2,Veenker,1976,181500,Ex,Y,SBrkr,ALQ,Gd,3,2,2,2,1,10,Eco-Friendly,5,2007
3,CollgCr,2001,223500,Ex,Y,SBrkr,GLQ,Mn,3,2,2,2,0,9,Eco-Friendly,9,2008
5,NoRidge,2000,250000,Ex,Y,SBrkr,GLQ,Av,3,2,2,2,0,9,Eco-Friendly,12,2008
6,Mitchel,1993,143000,Ex,Y,SBrkr,GLQ,No,3,2,2,2,0,9,Eco-Friendly,10,2009
7,Somerst,2004,307000,Ex,Y,SBrkr,GLQ,Av,3,2,2,2,0,9,Eco-Friendly,8,2007
8,NWAmes,1973,200000,Ex,Y,SBrkr,ALQ,Mn,3,2,2,2,0,9,Eco-Friendly,11,2009
10,BrkSide,1939,118000,Ex,Y,SBrkr,GLQ,No,3,2,2,2,0,9,Eco-Friendly,1,2008
11,Sawyer,1965,129500,Ex,Y,SBrkr,Rec,No,3,2,2,1,0,8,Eco-Friendly,2,2008
13,Sawyer,1962,144000,TA,Y,SBrkr,ALQ,No,1,2,2,2,0,7,Standard,9,2008
15,NAmes,1960,157000,TA,Y,SBrkr,BLQ,No,1,2,2,1,0,6,Standard,5,2008
16,BrkSide,1929,132000,Ex,Y,FuseA,Unf,No,3,2,1,0,0,6,Standard,7,2007
17,NAmes,1970,149000,Ex,Y,SBrkr,ALQ,No,3,2,2,2,0,9,Eco-Friendly,3,2010
18,Sawyer,1967,90000,TA,Y,SBrkr,Unf,No,1,2,2,0,0,5,Standard,10,2006
19,SawyerW,2004,159000,Ex,Y,SBrkr,GLQ,No,3,2,2,2,0,9,Eco-Friendly,6,2008
22,IDOTRR,1930,139400,Ex,Y,FuseF,Unf,No,3,2,1,0,0,6,Standard,6,2007
23,CollgCr,2002,230000,Ex,Y,SBrkr,Unf,No,3,2,2,0,0,7,Standard,9,2008
24,MeadowV,1976,129900,TA,Y,SBrkr,GLQ,No,1,2,2,2,0,7,Standard,6,2007
25,Sawyer,1968,154000,Ex,Y,SBrkr,Rec,Mn,3,2,2,1,0,8,Eco-Friendly,5,2010
26,NridgHt,2007,256300,Ex,Y,SBrkr,Unf,No,3,2,2,0,0,7,Standard,7,2009
27,NAmes,1951,134800,TA,Y,SBrkr,BLQ,Mn,1,2,2,1,0,6,Standard,5,2010
28,NridgHt,2007,306000,Ex,Y,SBrkr,GLQ,No,3,2,2,2,0,9,Eco-Friendly,5,2010
29,NAmes,1957,207500,TA,Y,SBrkr,BLQ,Gd,1,2,2,1,1,7,Standard,12,2006
30,BrkSide,1927,68500,Fa,N,SBrkr,Unf,No,0,0,2,0,0,2,Standard,5,2008
31,IDOTRR,1920,40000,TA,N,SBrkr,Unf,No,1,0,2,0,0,3,Standard,7,2008
32,Sawyer,1966,149350,Gd,Y,SBrkr,Unf,No,2,2,2,0,0,6,Standard,6,2008
33,CollgCr,2007,179900,Ex,Y,SBrkr,Unf,Av,3,2,2,0,0,7,Standard,1,2008
34,NAmes,1959,165500,Gd,Y,SBrkr,Rec,No,2,2,2,1,0,7,Standard,4,2010
35,NridgHt,2005,277500,Ex,Y,SBrkr,GLQ,No,3,2,2,2,0,9,Eco-Friendly,8,2007
36,NridgHt,2004,309000,Ex,Y,SBrkr,Unf,Av,3,2,2,0,0,7,Standard,9,2006
37,CollgCr,1994,145000,Ex,Y,SBrkr,Unf,No,3,2,2,0,0,7,Standard,6,2009
38,NAmes,1954,153000,Gd,Y,SBrkr,Rec,No,2,2,2,1,0,7,Standard,10,2009
42,Timber,1959,170000,Gd,Y,SBrkr,BLQ,Gd,2,2,2,1,1,8,Eco-Friendly,7,2007
43,SawyerW,1983,144000,Gd,Y,SBrkr,ALQ,Av,2,2,2,2,0,8,Eco-Friendly,12,2007
44,CollgCr,1975,130250,TA,Y,SBrkr,LwQ,Av,1,2,2,0,0,5,Standard,7,2008
45,NAmes,1959,141000,Ex,Y,FuseA,ALQ,No,3,2,1,2,0,8,Eco-Friendly,5,2006
46,NridgHt,2005,319900,Ex,Y,SBrkr,GLQ,No,3,2,2,2,0,9,Eco-Friendly,2,2010
48,Somerst,2006,249700,Ex,Y,SBrkr,GLQ,Av,3,2,2,2,0,9,Eco-Friendly,7,2007
50,Sawyer,1966,127000,Ex,Y,SBrkr,BLQ,No,3,2,2,1,0,8,Eco-Friendly,1,2007
51,Gilbert,1997,177000,Gd,Y,SBrkr,GLQ,Av,2,2,2,2,0,8,Eco-Friendly,7,2007
52,BrkSide,1934,114500,TA,Y,SBrkr,Unf,No,1,2,2,0,0,5,Standard,9,2006
53,IDOTRR,1963,110000,TA,N,SBrkr,LwQ,Gd,1,0,2,0,1,4,Standard,5,2010
54,Veenker,1981,385000,Gd,Y,SBrkr,GLQ,Gd,2,2,2,2,1,9,Eco-Friendly,11,2006
55,NAmes,1955,130000,TA,Y,SBrkr,ALQ,No,1,2,2,2,0,7,Standard,2,2007
56,NAmes,1964,180500,Gd,Y,SBrkr,BLQ,No,2,2,2,1,0,7,Standard,7,2008
58,CollgCr,2004,196500,Ex,Y,SBrkr,Unf,No,3,2,2,0,0,7,Standard,8,2006
60,CollgCr,1972,124900,Ex,Y,SBrkr,ALQ,Av,3,2,2,2,0,9,Eco-Friendly,1,2008
62,IDOTRR,1920,101000,TA,N,SBrkr,Unf,No,1,0,2,0,0,3,Standard,3,2007
63,NridgHt,2006,202500,Ex,Y,SBrkr,GLQ,Mn,3,2,2,2,0,9,Eco-Friendly,10,2007
64,OldTown,1921,140000,Gd,Y,SBrkr,Unf,No,2,2,2,0,0,6,Standard,4,2010
65,CollgCr,1997,219500,Ex,Y,SBrkr,GLQ,No,3,2,2,2,0,9,Eco-Friendly,2,2009
66,NridgHt,2004,317000,Ex,Y,SBrkr,Unf,Av,3,2,2,0,0,7,Standard,10,2007
67,NAmes,1970,180000,TA,Y,SBrkr,GLQ,Gd,1,2,2,2,1,8,Eco-Friendly,7,2010
68,CollgCr,2003,226000,Ex,Y,SBrkr,GLQ,Av,3,2,2,2,0,9,Eco-Friendly,6,2007
69,OldTown,1945,80000,TA,Y,SBrkr,Unf,No,1,2,2,0,0,5,Standard,6,2010
70,ClearCr,1953,225000,TA,Y,SBrkr,BLQ,No,1,2,2,1,0,6,Standard,7,2006
71,NAmes,1973,244000,Ex,Y,SBrkr,ALQ,Gd,3,2,2,2,1,10,Eco-Friendly,2,2007
72,Mitchel,1982,129500,TA,Y,SBrkr,ALQ,No,1,2,2,2,0,7,Standard,6,2007
73,Gilbert,1998,185000,Gd,Y,SBrkr,Unf,No,2,2,2,0,0,6,Standard,12,2009
74,NAmes,1954,144900,Gd,Y,SBrkr,ALQ,No,2,2,2,2,0,8,Eco-Friendly,5,2010
75,OldTown,1915,107400,Gd,N,SBrkr,Unf,No,2,0,2,0,0,4,Standard,5,2010
76,MeadowV,1973,91000,TA,Y,SBrkr,GLQ,Gd,1,2,2,2,1,8,Eco-Friendly,11,2009
77,NAmes,1956,135750,Ex,Y,FuseA,ALQ,No,3,2,1,2,0,8,Eco-Friendly,4,2008
78,BrkSide,1948,127000,TA,Y,SBrkr,BLQ,No,1,2,2,1,0,6,Standard,1,2008
79,Sawyer,1968,136500,TA,N,SBrkr,Unf,No,1,0,2,0,0,3,Standard,4,2010
80,OldTown,1910,110000,Gd,Y,SBrkr,Unf,No,2,2,2,0,0,6,Standard,5,2009
81,NAmes,1968,193500,TA,Y,SBrkr,Rec,No,1,2,2,1,0,6,Standard,6,2009
82,Mitchel,1998,153500,Ex,Y,SBrkr,GLQ,No,3,2,2,2,0,9,Eco-Friendly,3,2006
83,Somerst,2007,245000,Ex,Y,SBrkr,GLQ,No,3,2,2,2,0,9,Eco-Friendly,10,2008
84,NAmes,1960,126500,Gd,Y,SBrkr,Unf,No,2,2,2,0,0,6,Standard,7,2007
85,Gilbert,1995,168500,Gd,Y,SBrkr,Unf,No,2,2,2,0,0,6,Standard,5,2009
86,NoRidge,1991,260000,Ex,Y,SBrkr,Unf,No,3,2,2,0,0,7,Standard,4,2006
87,Gilbert,2005,174000,Ex,Y,SBrkr,Unf,Av,3,2,2,0,0,7,Standard,3,2009
90,CollgCr,1994,123600,Ex,Y,SBrkr,GLQ,No,3,2,2,2,0,9,Eco-Friendly,8,2007
91,NAmes,1950,109900,TA,Y,FuseA,Unf,No,1,2,1,0,0,4,Standard,7,2006
93,Crawfor,1921,163500,Ex,Y,SBrkr,ALQ,No,3,2,2,2,0,9,Eco-Friendly,8,2009
94,OldTown,1910,133900,Ex,N,SBrkr,Rec,Mn,3,0,2,1,0,6,Standard,11,2007
95,CollgCr,1997,204750,Ex,Y,SBrkr,GLQ,No,3,2,2,2,0,9,Eco-Friendly,5,2007
96,Gilbert,1993,185000,Gd,Y,SBrkr,ALQ,No,2,2,2,2,0,8,Eco-Friendly,4,2009
97,CollgCr,1999,214000,Ex,Y,SBrkr,ALQ,Av,3,2,2,2,0,9,Eco-Friendly,8,2006
98,Edwards,1965,94750,TA,Y,FuseF,Rec,No,1,2,1,1,0,5,Standard,5,2007
100,NAmes,1959,128950,Fa,Y,SBrkr,ALQ,No,0,2,2,2,0,6,Standard,1,2010
101,NWAmes,1977,205000,Gd,Y,SBrkr,ALQ,Mn,2,2,2,2,0,8,Eco-Friendly,2,2010
102,SawyerW,1985,178000,TA,Y,SBrkr,Unf,No,1,2,2,0,0,5,Standard,6,2010
104,CollgCr,2009,198900,Ex,Y,SBrkr,Unf,No,3,2,2,0,0,7,Standard,5,2010
105,IDOTRR,1931,169500,Ex,Y,FuseF,LwQ,No,3,2,1,0,0,6,Standard,6,2007
106,Somerst,2003,250000,Ex,Y,SBrkr,Unf,No,3,2,2,0,0,7,Standard,8,2008
107,OldTown,1885,100000,Gd,Y,SBrkr,Unf,No,2,2,2,0,0,6,Standard,8,2007
109,IDOTRR,1919,115000,TA,N,FuseF,Unf,No,1,0,1,0,0,2,Standard,8,2007
110,NWAmes,1977,190000,Ex,Y,SBrkr,BLQ,No,3,2,2,1,0,8,Eco-Friendly,1,2010
111,Edwards,1954,136900,Gd,Y,SBrkr,Rec,No,2,2,2,1,0,7,Standard,10,2006
112,Gilbert,2000,180000,Ex,Y,SBrkr,GLQ,No,3,2,2,2,0,9,Eco-Friendly,4,2010
115,Crawfor,1945,259500,Ex,Y,SBrkr,ALQ,No,3,2,2,2,0,9,Eco-Friendly,7,2007
116,Somerst,1999,176000,Gd,Y,SBrkr,GLQ,No,2,2,2,2,0,8,Eco-Friendly,6,2007
117,Sawyer,1962,139000,TA,Y,SBrkr,LwQ,No,1,2,2,0,0,5,Standard,9,2009
119,SawyerW,1990,320000,Gd,Y,SBrkr,GLQ,Mn,2,2,2,2,0,8,Eco-Friendly,5,2010
121,ClearCr,1969,180000,Ex,Y,SBrkr,ALQ,Gd,3,2,2,2,1,10,Eco-Friendly,10,2006
122,IDOTRR,1939,100000,Gd,Y,SBrkr,Unf,No,2,2,2,0,0,6,Standard,6,2007
123,NAmes,1958,136000,Gd,Y,SBrkr,BLQ,No,2,2,2,1,0,7,Standard,6,2008
124,SawyerW,1993,153900,Ex,Y,SBrkr,GLQ,No,3,2,2,2,0,9,Eco-Friendly,3,2008
125,NWAmes,1979,181000,TA,Y,SBrkr,Unf,No,1,2,2,0,0,5,Standard,1,2009
126,IDOTRR,1935,84500,Gd,N,SBrkr,GLQ,Av,2,0,2,2,0,6,Standard,6,2006
127,NPkVill,1976,128000,TA,Y,SBrkr,ALQ,No,1,2,2,2,0,7,Standard,2,2007
128,OldTown,1930,87000,Ex,Y,SBrkr,LwQ,No,3,2,2,0,0,7,Standard,6,2007
129,NAmes,1966,155000,TA,Y,SBrkr,BLQ,No,1,2,2,1,0,6,Standard,7,2006
131,NAmes,1966,226000,Ex,Y,SBrkr,Rec,No,3,2,2,1,0,8,Eco-Friendly,5,2006
132,Gilbert,2000,244000,Ex,Y,SBrkr,GLQ,No,3,2,2,2,0,9,Eco-Friendly,7,2009
133,NAmes,1959,150750,Gd,Y,SBrkr,Rec,No,2,2,2,1,0,7,Standard,7,2007
134,Timber,2001,220000,Ex,Y,SBrkr,GLQ,No,3,2,2,2,0,9,Eco-Friendly,6,2009
135,Sawyer,1968,180000,Gd,Y,SBrkr,Rec,No,2,2,2,1,0,7,Standard,7,2006
136,NWAmes,1970,174000,Gd,Y,SBrkr,Unf,No,2,2,2,0,0,6,Standard,5,2008
137,NAmes,1967,143000,TA,Y,SBrkr,BLQ,No,1,2,2,1,0,6,Standard,7,2007
139,CollgCr,1999,230000,Ex,Y,SBrkr,GLQ,Mn,3,2,2,2,0,9,Eco-Friendly,12,2008
140,CollgCr,1997,231500,Ex,Y,SBrkr,GLQ,No,3,2,2,2,0,9,Eco-Friendly,8,2009
141,NAmes,1971,115000,TA,Y,SBrkr,ALQ,No,1,2,2,2,0,7,Standard,4,2010
142,CollgCr,2005,260000,Ex,Y,SBrkr,GLQ,Av,3,2,2,2,0,9,Eco-Friendly,1,2006
143,NAmes,1952,166000,Fa,Y,SBrkr,Rec,No,0,2,2,1,0,5,Standard,6,2010
144,CollgCr,1999,204000,Ex,Y,SBrkr,GLQ,Gd,3,2,2,2,1,10,Eco-Friendly,6,2009
146,Edwards,2004,130000,Ex,Y,SBrkr,Unf,No,3,2,2,0,0,7,Standard,4,2006
147,BrkSide,1931,105000,TA,Y,FuseA,BLQ,No,1,2,1,1,0,5,Standard,11,2009
148,Gilbert,2001,222500,Ex,Y,SBrkr,Unf,No,3,2,2,0,0,7,Standard,5,2010
149,SawyerW,2004,141000,Ex,Y,SBrkr,GLQ,No,3,2,2,2,0,9,Eco-Friendly,4,2008
150,BrkSide,1936,115000,Gd,Y,FuseA,Unf,No,2,2,1,0,0,5,Standard,4,2006
151,CollgCr,1975,122000,TA,Y,SBrkr,BLQ,Av,1,2,2,1,0,6,Standard,1,2007
153,NWAmes,1971,190000,Gd,Y,SBrkr,Rec,No,2,2,2,1,0,7,Standard,6,2006
154,ClearCr,1960,235000,Gd,Y,SBrkr,BLQ,Gd,2,2,2,1,1,8,Eco-Friendly,3,2008
156,Edwards,1924,79000,Fa,N,FuseF,Unf,No,0,0,1,0,0,1,Standard,4,2008
157,NAmes,1950,109500,TA,Y,FuseF,Unf,No,1,2,1,0,0,4,Standard,6,2006
159,Somerst,2004,254900,Ex,Y,SBrkr,GLQ,No,3,2,2,2,0,9,Eco-Friendly,5,2010
161,Veenker,1984,162500,TA,Y,SBrkr,BLQ,No,1,2,2,1,0,6,Standard,6,2008
162,NridgHt,2003,412500,Ex,Y,SBrkr,GLQ,Av,3,2,2,2,0,9,Eco-Friendly,3,2008
164,OldTown,1956,103200,Ex,Y,SBrkr,Unf,No,3,2,2,0,0,7,Standard,4,2007
165,OldTown,1926,152000,Gd,Y,FuseA,LwQ,Mn,2,2,1,0,0,5,Standard,10,2007
166,Edwards,1940,127500,Gd,Y,SBrkr,ALQ,No,2,2,2,2,0,8,Eco-Friendly,9,2008
167,ClearCr,1955,190000,Ex,Y,FuseA,LwQ,No,3,2,1,0,0,6,Standard,11,2009
169,Gilbert,2004,183500,Ex,Y,SBrkr,Unf,No,3,2,2,0,0,7,Standard,5,2007
170,Timber,1981,228000,TA,Y,SBrkr,Unf,No,1,2,2,0,0,5,Standard,1,2006
171,OldTown,1941,128500,TA,Y,SBrkr,Rec,No,1,2,2,1,0,6,Standard,5,2007
172,NAmes,1960,215000,Fa,Y,SBrkr,BLQ,Gd,0,2,2,1,1,6,Standard,5,2010
173,StoneBr,1987,239000,Gd,Y,SBrkr,GLQ,No,2,2,2,2,0,8,Eco-Friendly,6,2006
174,NAmes,1961,163000,TA,Y,SBrkr,ALQ,No,1,2,2,2,0,7,Standard,6,2008
175,Timber,1986,184000,TA,Y,SBrkr,ALQ,No,1,2,2,2,0,7,Standard,11,2008
176,Edwards,1950,243000,TA,Y,SBrkr,ALQ,Av,1,2,2,2,0,7,Standard,6,2007
177,ClearCr,1988,211000,TA,Y,SBrkr,GLQ,No,1,2,2,2,0,7,Standard,9,2007
178,Sawyer,1958,172500,Ex,Y,SBrkr,ALQ,No,3,2,2,2,0,9,Eco-Friendly,7,2006
180,OldTown,1923,100000,TA,Y,SBrkr,Unf,No,1,2,2,0,0,5,Standard,7,2007
181,Somerst,2000,177000,Ex,Y,SBrkr,GLQ,No,3,2,2,2,0,9,Eco-Friendly,6,2007
182,Crawfor,1920,200100,Gd,Y,SBrkr,LwQ,No,2,2,2,0,0,6,Standard,7,2006
183,Edwards,1957,120000,Ex,Y,SBrkr,Unf,No,3,2,2,0,0,7,Standard,6,2007
184,OldTown,2003,200000,Ex,Y,SBrkr,Unf,No,3,2,2,0,0,7,Standard,6,2008
185,BrkSide,1908,127000,Gd,Y,SBrkr,Unf,No,2,2,2,0,0,6,Standard,6,2006
186,OldTown,1892,475000,Ex,Y,SBrkr,Unf,Mn,3,2,2,0,0,7,Standard,6,2006
187,Mitchel,1990,173000,Ex,Y,SBrkr,GLQ,Av,3,2,2,2,0,9,Eco-Friendly,6,2009
188,OldTown,1916,135000,Ex,Y,SBrkr,Unf,No,3,2,2,0,0,7,Standard,8,2009
190,StoneBr,2001,286000,Ex,Y,SBrkr,GLQ,Av,3,2,2,2,0,9,Eco-Friendly,8,2008
191,Crawfor,1932,315000,TA,Y,SBrkr,Rec,No,1,2,2,1,0,6,Standard,12,2007
192,NAmes,1972,184000,Gd,Y,SBrkr,ALQ,No,2,2,2,2,0,8,Eco-Friendly,6,2007
193,CollgCr,1999,192000,Ex,Y,SBrkr,GLQ,Av,3,2,2,2,0,9,Eco-Friendly,9,2009
194,Edwards,2004,130000,Ex,Y,SBrkr,Unf,No,3,2,2,0,0,7,Standard,5,2006
195,CollgCr,1972,127000,TA,Y,SBrkr,ALQ,Av,1,2,2,2,0,7,Standard,5,2008
196,NPkVill,1976,148500,TA,Y,SBrkr,ALQ,No,1,2,2,2,0,7,Standard,7,2009
200,NridgHt,2004,274900,Ex,Y,SBrkr,GLQ,Av,3,2,2,2,0,9,Eco-Friendly,1,2009
201,Edwards,2003,140000,Ex,Y,SBrkr,Unf,No,3,2,2,0,0,7,Standard,3,2010
202,Mitchel,1977,171500,TA,Y,SBrkr,ALQ,No,1,2,2,2,0,7,Standard,2,2008
203,OldTown,1924,112000,Gd,Y,SBrkr,LwQ,No,2,2,2,0,0,6,Standard,5,2006
204,CollgCr,2004,149000,Ex,Y,SBrkr,GLQ,Av,3,2,2,2,0,9,Eco-Friendly,1,2008
205,OldTown,1947,110000,TA,Y,SBrkr,LwQ,No,1,2,2,0,0,5,Standard,4,2009
206,Gilbert,1990,180500,Ex,Y,SBrkr,Unf,No,3,2,2,0,0,7,Standard,5,2009
207,Sawyer,1962,143900,TA,Y,SBrkr,Unf,No,1,2,2,0,0,5,Standard,3,2007
208,NAmes,1960,141000,TA,Y,SBrkr,ALQ,No,1,2,2,2,0,7,Standard,4,2008
209,SawyerW,1988,277000,Ex,Y,SBrkr,GLQ,Gd,3,2,2,2,1,10,Eco-Friendly,4,2007
210,NAmes,1964,145000,Ex,Y,SBrkr,Rec,No,3,2,2,1,0,8,Eco-Friendly,7,2008
211,Edwards,1925,98000,TA,N,FuseA,Rec,No,1,0,1,1,0,3,Standard,4,2008
212,Edwards,2009,186000,Ex,Y,SBrkr,GLQ,Mn,3,2,2,2,0,9,Eco-Friendly,3,2010
214,CollgCr,1995,156000,Ex,Y,SBrkr,ALQ,No,3,2,2,2,0,9,Eco-Friendly,7,2006
215,CollgCr,1977,161750,Ex,Y,SBrkr,GLQ,No,3,2,2,2,0,9,Eco-Friendly,3,2010
216,NAmes,1957,134450,TA,Y,SBrkr,BLQ,No,1,2,2,1,0,6,Standard,5,2006
217,CollgCr,2004,210000,Ex,Y,SBrkr,GLQ,Mn,3,2,2,2,0,9,Eco-Friendly,4,2008
219,Crawfor,1939,311500,Ex,Y,SBrkr,BLQ,No,3,2,2,1,0,8,Eco-Friendly,5,2008
222,Gilbert,2002,200000,Ex,Y,SBrkr,Unf,No,3,2,2,0,0,7,Standard,12,2009
223,NWAmes,1975,179900,TA,Y,SBrkr,ALQ,No,1,2,2,2,0,7,Standard,2,2006
225,NridgHt,2003,386250,Ex,Y,SBrkr,GLQ,Gd,3,2,2,2,1,10,Eco-Friendly,6,2009
228,BrDale,1970,106000,TA,Y,SBrkr,Rec,No,1,2,2,1,0,6,Standard,9,2008
229,Sawyer,1967,125000,TA,Y,SBrkr,ALQ,No,1,2,2,2,0,7,Standard,5,2010
230,Blmngtn,2005,192500,Ex,Y,SBrkr,GLQ,Av,3,2,2,2,0,9,Eco-Friendly,5,2009
231,NAmes,1959,148000,TA,Y,SBrkr,Unf,No,1,2,2,0,0,5,Standard,4,2010
232,NoRidge,1995,403000,Ex,Y,SBrkr,GLQ,No,3,2,2,2,0,9,Eco-Friendly,7,2009
233,BrDale,1972,94500,TA,Y,SBrkr,Unf,No,1,2,2,0,0,5,Standard,6,2006
234,CollgCr,1976,128200,TA,Y,SBrkr,LwQ,Av,1,2,2,0,0,5,Standard,2,2010
235,Gilbert,2002,216500,Ex,Y,SBrkr,GLQ,No,3,2,2,2,0,9,Eco-Friendly,5,2010
236,BrDale,1971,89500,TA,Y,SBrkr,ALQ,No,1,2,2,2,0,7,Standard,8,2008
237,CollgCr,2004,185500,Ex,Y,SBrkr,GLQ,Av,3,2,2,2,0,9,Eco-Friendly,5,2010
238,SawyerW,1993,194500,Ex,Y,SBrkr,BLQ,No,3,2,2,1,0,8,Eco-Friendly,2,2010
240,Edwards,1945,113000,TA,Y,FuseA,LwQ,No,1,2,1,0,0,4,Standard,4,2010
241,Somerst,2008,262500,Ex,Y,SBrkr,GLQ,Av,3,2,2,2,0,9,Eco-Friendly,4,2010
242,OldTown,1945,110500,Gd,Y,SBrkr,ALQ,No,2,2,2,2,0,8,Eco-Friendly,8,2007
243,OldTown,1900,79000,Gd,N,FuseA,Unf,No,2,0,1,0,0,3,Standard,4,2006
244,SawyerW,1980,120000,TA,Y,SBrkr,Unf,No,1,2,2,0,0,5,Standard,4,2009
245,SawyerW,1994,205000,Ex,Y,SBrkr,GLQ,No,3,2,2,2,0,9,Eco-Friendly,5,2010
246,NWAmes,1988,241500,Gd,Y,SBrkr,GLQ,Av,2,2,2,2,0,8,Eco-Friendly,6,2006
247,OldTown,1910,137000,Gd,N,FuseP,Unf,No,2,0,0,0,0,2,Standard,4,2006
248,NAmes,1954,140000,Ex,Y,SBrkr,Unf,No,3,2,2,0,0,7,Standard,6,2006
249,CollgCr,2003,180000,Ex,Y,SBrkr,Unf,No,3,2,2,0,0,7,Standard,9,2007
250,ClearCr,1958,277000,Gd,Y,SBrkr,Rec,Gd,2,2,2,1,1,8,Eco-Friendly,6,2007
251,BrkSide,1940,76500,Ex,Y,SBrkr,Unf,No,3,2,2,0,0,7,Standard,5,2010
253,SawyerW,2004,173000,Ex,Y,SBrkr,Unf,No,3,2,2,0,0,7,Standard,12,2008
254,NAmes,1964,158000,Ex,Y,SBrkr,LwQ,Gd,3,2,2,0,1,8,Eco-Friendly,10,2007
255,NAmes,1957,145000,TA,Y,SBrkr,Rec,No,1,2,2,1,0,6,Standard,6,2010
256,Gilbert,1999,230000,Ex,Y,SBrkr,Unf,No,3,2,2,0,0,7,Standard,2,2006
257,Somerst,2003,207500,Ex,Y,SBrkr,Rec,No,3,2,2,1,0,8,Eco-Friendly,5,2008
259,CollgCr,2001,231500,Ex,Y,SBrkr,GLQ,No,3,2,2,2,0,9,Eco-Friendly,5,2008
260,OldTown,1956,97000,Gd,Y,FuseA,Unf,No,2,2,1,0,0,5,Standard,12,2008
261,NAmes,1962,176000,TA,Y,SBrkr,Rec,Gd,1,2,2,1,1,7,Standard,5,2009
263,Sawyer,1977,151000,TA,Y,SBrkr,ALQ,Av,1,2,2,2,0,7,Standard,7,2006
264,OldTown,1929,130000,TA,Y,SBrkr,LwQ,No,1,2,2,0,0,5,Standard,4,2010
265,OldTown,1925,73000,Gd,N,FuseP,Unf,No,2,0,0,0,0,2,Standard,6,2008
266,NWAmes,1981,175500,TA,Y,SBrkr,GLQ,No,1,2,2,2,0,7,Standard,6,2008
267,Gilbert,1997,185000,Gd,Y,SBrkr,GLQ,Av,2,2,2,2,0,8,Eco-Friendly,6,2006
268,SWISU,1939,179500,Ex,Y,SBrkr,LwQ,No,3,2,2,0,0,7,Standard,7,2008
269,IDOTRR,1940,120500,Ex,Y,SBrkr,ALQ,No,3,2,2,2,0,9,Eco-Friendly,2,2008
270,Edwards,1976,148000,TA,Y,SBrkr,BLQ,No,1,2,2,1,0,6,Standard,5,2007
272,ClearCr,1954,241500,Ex,Y,SBrkr,LwQ,Gd,3,2,2,0,1,8,Eco-Friendly,4,2008
273,NoRidge,1999,290000,Ex,Y,SBrkr,GLQ,No,3,2,2,2,0,9,Eco-Friendly,4,2010
274,NAmes,1958,139000,Gd,Y,SBrkr,Rec,No,2,2,2,1,0,7,Standard,4,2009
275,Mitchel,1982,124500,TA,Y,SBrkr,ALQ,Gd,1,2,2,2,1,8,Eco-Friendly,6,2007
276,BrkSide,1925,205000,Gd,N,SBrkr,Unf,No,2,0,2,0,0,4,Standard,10,2009
277,Mitchel,2003,201000,Ex,Y,SBrkr,Unf,No,3,2,2,0,0,7,Standard,4,2010
278,Gilbert,1951,141000,Ex,Y,SBrkr,LwQ,No,3,2,2,0,0,7,Standard,6,2010
280,ClearCr,1977,192000,Ex,Y,SBrkr,BLQ,No,3,2,2,1,0,8,Eco-Friendly,3,2008
281,SawyerW,1989,228500,Gd,Y,SBrkr,GLQ,Av,2,2,2,2,0,8,Eco-Friendly,1,2007
283,NridgHt,2007,207500,Ex,Y,SBrkr,GLQ,No,3,2,2,2,0,9,Eco-Friendly,4,2009
285,SawyerW,1992,179200,Gd,Y,SBrkr,GLQ,No,2,2,2,2,0,8,Eco-Friendly,7,2007
287,NAmes,1962,159000,TA,Y,SBrkr,Rec,No,1,2,2,1,0,6,Standard,6,2006
288,NAmes,1971,88000,TA,Y,SBrkr,BLQ,No,1,2,2,1,0,6,Standard,6,2006
289,Sawyer,1967,122000,TA,Y,SBrkr,BLQ,No,1,2,2,1,0,6,Standard,2,2010
290,BrkSide,1915,153575,Ex,Y,FuseA,Unf,No,3,2,1,0,0,6,Standard,7,2007
292,SWISU,1912,135900,Ex,N,SBrkr,Rec,No,3,0,2,1,0,6,Standard,3,2008
293,Edwards,1949,131000,Gd,Y,SBrkr,LwQ,No,2,2,2,0,0,6,Standard,1,2009
294,NWAmes,1977,235000,Fa,Y,SBrkr,ALQ,No,0,2,2,2,0,6,Standard,3,2006
295,NAmes,1953,167000,TA,Y,SBrkr,GLQ,No,1,2,2,2,0,7,Standard,10,2009
296,Mitchel,1984,142500,TA,Y,SBrkr,GLQ,Av,1,2,2,2,0,7,Standard,3,2006
297,IDOTRR,1950,152000,TA,Y,FuseA,BLQ,No,1,2,1,1,0,5,Standard,6,2007
298,Somerst,1997,239000,Ex,Y,SBrkr,BLQ,No,3,2,2,1,0,8,Eco-Friendly,6,2007
299,NWAmes,1968,175000,Gd,Y,SBrkr,ALQ,No,2,2,2,2,0,8,Eco-Friendly,6,2007
301,Crawfor,1953,157000,TA,Y,SBrkr,BLQ,Mn,1,2,2,1,0,6,Standard,6,2006
302,CollgCr,1998,267000,Ex,Y,SBrkr,GLQ,No,3,2,2,2,0,9,Eco-Friendly,5,2007
303,CollgCr,2001,205000,Ex,Y,SBrkr,Unf,No,3,2,2,0,0,7,Standard,1,2006
305,OldTown,1880,295000,Ex,Y,SBrkr,Unf,No,3,2,2,0,0,7,Standard,5,2008
306,CollgCr,2004,305900,Ex,Y,SBrkr,GLQ,No,3,2,2,2,0,9,Eco-Friendly,7,2007
307,SawyerW,1990,225000,Gd,Y,SBrkr,ALQ,No,2,2,2,2,0,8,Eco-Friendly,6,2007
308,IDOTRR,1920,89500,TA,Y,FuseA,Unf,No,1,2,1,0,0,4,Standard,3,2008
309,Edwards,1940,82500,Ex,Y,SBrkr,BLQ,No,3,2,2,1,0,8,Eco-Friendly,3,2009
310,NridgHt,2003,360000,Ex,Y,SBrkr,GLQ,Gd,3,2,2,2,1,10,Eco-Friendly,11,2006
311,Gilbert,1993,165600,Gd,Y,SBrkr,ALQ,No,2,2,2,2,0,8,Eco-Friendly,5,2006
312,NAmes,1948,132000,Ex,Y,SBrkr,ALQ,No,3,2,2,2,0,9,Eco-Friendly,5,2009
313,OldTown,1939,119900,TA,Y,SBrkr,Rec,Mn,1,2,2,1,0,6,Standard,5,2006
314,Timber,1965,375000,TA,Y,SBrkr,ALQ,Gd,1,2,2,2,1,8,Eco-Friendly,6,2009
315,OldTown,1925,178000,Ex,Y,SBrkr,LwQ,No,3,2,2,0,0,7,Standard,8,2006
316,Gilbert,2004,188500,Ex,Y,SBrkr,GLQ,No,3,2,2,2,0,9,Eco-Friendly,7,2009
317,NWAmes,1980,260000,TA,Y,SBrkr,GLQ,No,1,2,2,2,0,7,Standard,8,2009
318,Somerst,2006,270000,Ex,Y,SBrkr,Unf,Av,3,2,2,0,0,7,Standard,12,2007
319,NoRidge,1993,260000,Ex,Y,SBrkr,GLQ,Gd,3,2,2,2,1,10,Eco-Friendly,4,2009
320,NWAmes,1980,187500,TA,Y,SBrkr,GLQ,Av,1,2,2,2,0,7,Standard,6,2009
322,NridgHt,2004,354000,Ex,Y,SBrkr,GLQ,Av,3,2,2,2,0,9,Eco-Friendly,6,2007
323,SawyerW,1986,301000,Ex,Y,SBrkr,LwQ,Gd,3,2,2,0,1,8,Eco-Friendly,8,2007
324,OldTown,1955,126175,Ex,Y,SBrkr,ALQ,No,3,2,2,2,0,9,Eco-Friendly,7,2006
325,NAmes,1967,242000,Ex,Y,SBrkr,Unf,No,3,2,2,0,0,7,Standard,6,2010
326,IDOTRR,1941,87000,Po,N,FuseF,BLQ,Av,0,0,1,1,0,2,Standard,12,2007
327,Veenker,1993,324000,Ex,Y,SBrkr,GLQ,Gd,3,2,2,2,1,10,Eco-Friendly,5,2008
328,NAmes,1960,145250,TA,Y,SBrkr,Rec,No,1,2,2,1,0,6,Standard,4,2006
329,BrkSide,1916,214500,Gd,N,FuseA,Unf,No,2,0,1,0,0,3,Standard,7,2009
330,IDOTRR,1920,78000,TA,N,SBrkr,Unf,Mn,1,0,2,0,0,3,Standard,7,2009
331,NAmes,1964,119000,TA,Y,SBrkr,GLQ,No,1,2,2,2,0,7,Standard,11,2007
332,NAmes,1958,139000,Fa,Y,SBrkr,Rec,No,0,2,2,1,0,5,Standard,8,2007
333,NridgHt,2003,284000,Ex,Y,SBrkr,GLQ,No,3,2,2,2,0,9,Eco-Friendly,10,2009
334,NridgHt,2004,207000,Ex,Y,SBrkr,GLQ,Av,3,2,2,2,0,9,Eco-Friendly,7,2008
335,Gilbert,1998,192000,Gd,Y,SBrkr,GLQ,Gd,2,2,2,2,1,9,Eco-Friendly,7,2008
336,Timber,1965,228950,Ex,Y,SBrkr,ALQ,Gd,3,2,2,2,1,10,Eco-Friendly,8,2008
337,StoneBr,2005,377426,Ex,Y,SBrkr,GLQ,Gd,3,2,2,2,1,10,Eco-Friendly,7,2007
338,CollgCr,2002,214000,Ex,Y,SBrkr,GLQ,Av,3,2,2,2,0,9,Eco-Friendly,12,2008
339,NWAmes,1984,202500,Ex,Y,SBrkr,ALQ,Mn,3,2,2,2,0,9,Eco-Friendly,5,2006
340,NAmes,1958,155000,TA,Y,FuseA,Rec,No,1,2,1,1,0,5,Standard,6,2009
341,Timber,2002,202900,Ex,Y,SBrkr,Unf,No,3,2,2,0,0,7,Standard,4,2010
342,SawyerW,1950,82000,Gd,Y,SBrkr,Unf,No,2,2,2,0,0,6,Standard,9,2009
343,NAmes,1949,87500,Fa,N,FuseA,Unf,No,0,0,1,0,0,1,Standard,5,2006
344,NridgHt,2005,266000,Ex,Y,SBrkr,GLQ,No,3,2,2,2,0,9,Eco-Friendly,7,2008
345,MeadowV,1976,85000,TA,Y,SBrkr,Rec,No,1,2,2,1,0,6,Standard,4,2010
346,BrkSide,1939,140200,Gd,Y,SBrkr,Unf,No,2,2,2,0,0,6,Standard,10,2006
347,NAmes,1960,151500,TA,Y,SBrkr,BLQ,Mn,1,2,2,1,0,6,Standard,4,2007
348,NAmes,1960,157500,Ex,Y,FuseA,BLQ,No,3,2,1,1,0,7,Standard,12,2009
349,NridgHt,2003,154000,Ex,Y,SBrkr,GLQ,No,3,2,2,2,0,9,Eco-Friendly,10,2008
353,Edwards,1941,95000,TA,N,SBrkr,LwQ,Mn,1,0,2,0,0,3,Standard,3,2008
354,OldTown,1928,105900,Gd,Y,SBrkr,Unf,No,2,2,2,0,0,6,Standard,5,2010
355,SWISU,1940,140000,Ex,Y,SBrkr,LwQ,No,3,2,2,0,0,7,Standard,6,2006
356,CollgCr,1995,177500,Ex,Y,SBrkr,ALQ,No,3,2,2,2,0,9,Eco-Friendly,8,2007
357,Gilbert,1992,173000,Gd,Y,SBrkr,GLQ,No,2,2,2,2,0,8,Eco-Friendly,7,2009
358,MeadowV,1976,134000,TA,Y,SBrkr,ALQ,No,1,2,2,2,0,7,Standard,8,2007
360,NoRidge,1998,280000,Ex,Y,SBrkr,GLQ,Av,3,2,2,2,0,9,Eco-Friendly,6,2006
361,Mitchel,1978,156000,Ex,Y,SBrkr,GLQ,Av,3,2,2,2,0,9,Eco-Friendly,6,2007
362,BrkSide,1940,145000,Gd,Y,SBrkr,Rec,No,2,2,2,1,0,7,Standard,7,2008
363,Edwards,2003,198500,Ex,Y,SBrkr,Unf,No,3,2,2,0,0,7,Standard,7,2009
364,BrDale,1972,118000,Gd,Y,SBrkr,ALQ,No,2,2,2,2,0,8,Eco-Friendly,5,2009
365,NWAmes,1976,190000,TA,Y,SBrkr,GLQ,Mn,1,2,2,2,0,7,Standard,7,2006
366,IDOTRR,1920,147000,Gd,Y,FuseA,Rec,No,2,2,1,1,0,6,Standard,7,2009
367,NAmes,1963,159000,Gd,Y,SBrkr,BLQ,No,2,2,2,1,0,7,Standard,7,2009
368,NAmes,1962,165000,Gd,Y,SBrkr,GLQ,Gd,2,2,2,2,1,9,Eco-Friendly,12,2008
369,NAmes,1954,132000,Gd,Y,SBrkr,LwQ,No,2,2,2,0,0,6,Standard,3,2010
370,NAmes,1959,162000,Ex,Y,SBrkr,ALQ,No,3,2,2,2,0,9,Eco-Friendly,3,2010
371,Gilbert,2000,172400,Ex,Y,SBrkr,Unf,No,3,2,2,0,0,7,Standard,1,2006
372,ClearCr,1959,134432,TA,Y,SBrkr,Unf,No,1,2,2,0,0,5,Standard,7,2008
373,SawyerW,1984,125000,TA,Y,SBrkr,ALQ,No,1,2,2,2,0,7,Standard,2,2010
374,NAmes,1953,123000,TA,Y,SBrkr,BLQ,No,1,2,2,1,0,6,Standard,11,2009
375,CollgCr,2003,219500,Ex,Y,SBrkr,Unf,No,3,2,2,0,0,7,Standard,7,2007
376,Edwards,1922,61000,Gd,N,FuseA,BLQ,Gd,2,0,1,1,1,5,Standard,3,2009
377,CollgCr,1996,148000,Ex,Y,SBrkr,GLQ,Av,3,2,2,2,0,9,Eco-Friendly,7,2006
378,Somerst,2004,340000,Ex,Y,SBrkr,Unf,No,3,2,2,0,0,7,Standard,12,2007
380,Gilbert,2000,179000,Ex,Y,SBrkr,Unf,No,3,2,2,0,0,7,Standard,6,2009
381,SWISU,1924,127000,TA,Y,SBrkr,LwQ,No,1,2,2,0,0,5,Standard,5,2010
383,CollgCr,2006,213500,Ex,Y,SBrkr,Unf,Av,3,2,2,0,0,7,Standard,4,2007
384,SawyerW,1928,76000,TA,N,FuseA,Unf,No,1,0,1,0,0,2,Standard,10,2009
385,ClearCr,1992,240000,Ex,Y,SBrkr,GLQ,Av,3,2,2,2,0,9,Eco-Friendly,6,2007
386,Blmngtn,2004,192000,Ex,Y,SBrkr,GLQ,No,3,2,2,2,0,9,Eco-Friendly,4,2010
389,CollgCr,1999,191000,Ex,Y,SBrkr,Unf,No,3,2,2,0,0,7,Standard,7,2008
391,Edwards,1900,119000,Ex,Y,SBrkr,Rec,No,3,2,2,1,0,8,Eco-Friendly,4,2008
392,Mitchel,2001,215000,Ex,Y,SBrkr,ALQ,No,3,2,2,2,0,9,Eco-Friendly,6,2009
393,NAmes,1959,106500,TA,Y,SBrkr,Unf,No,1,2,2,0,0,5,Standard,7,2007
395,OldTown,1940,109000,Gd,Y,FuseA,Unf,No,2,2,1,0,0,5,Standard,7,2007
396,Edwards,1956,129000,TA,Y,SBrkr,BLQ,Av,1,2,2,1,0,6,Standard,6,2010
397,CollgCr,1972,123000,TA,Y,SBrkr,Rec,Av,1,2,2,1,0,6,Standard,9,2009
398,NAmes,1962,169500,TA,Y,SBrkr,ALQ,No,1,2,2,2,0,7,Standard,7,2007
400,Somerst,2006,241000,Ex,Y,SBrkr,GLQ,No,3,2,2,2,0,9,Eco-Friendly,10,2009
401,Veenker,1996,245500,Ex,Y,SBrkr,GLQ,No,3,2,2,2,0,9,Eco-Friendly,12,2008
403,Sawyer,1940,108000,Ex,Y,SBrkr,Unf,No,3,2,2,0,0,7,Standard,8,2008
405,Gilbert,1995,168000,Gd,Y,SBrkr,Unf,No,2,2,2,0,0,6,Standard,5,2007
406,Sawyer,1976,150000,Ex,Y,SBrkr,BLQ,No,3,2,2,1,0,8,Eco-Friendly,6,2009
407,SWISU,1936,115000,Ex,Y,FuseA,Unf,No,3,2,1,0,0,6,Standard,3,2008
408,Crawfor,1915,177000,Ex,Y,SBrkr,Unf,No,3,2,2,0,0,7,Standard,3,2008
412,Gilbert,1955,145000,TA,N,SBrkr,Rec,Mn,1,0,2,1,0,4,Standard,1,2006
414,OldTown,1927,115000,Gd,Y,FuseA,Unf,No,2,2,1,0,0,5,Standard,3,2010
415,SawyerW,1993,228000,Ex,Y,SBrkr,BLQ,No,3,2,2,1,0,8,Eco-Friendly,12,2008
417,Sawyer,1978,149500,TA,Y,SBrkr,ALQ,No,1,2,2,2,0,7,Standard,3,2006
418,Crawfor,1918,239000,TA,N,FuseA,BLQ,No,1,0,1,1,0,3,Standard,11,2007
420,NAmes,1968,142000,Ex,Y,SBrkr,BLQ,No,3,2,2,1,0,8,Eco-Friendly,7,2010
422,NWAmes,1977,215000,Gd,Y,SBrkr,ALQ,No,2,2,2,2,0,8,Eco-Friendly,6,2009
423,Mitchel,1954,113000,Ex,Y,FuseA,Unf,No,3,2,1,0,0,6,Standard,2,2008
424,NoRidge,1998,315000,Gd,Y,SBrkr,GLQ,No,2,2,2,2,0,8,Eco-Friendly,6,2008
425,NAmes,1956,139000,Gd,Y,FuseA,LwQ,No,2,2,1,0,0,5,Standard,5,2008
426,OldTown,1946,135000,Gd,Y,SBrkr,Unf,No,2,2,2,0,0,6,Standard,9,2009
427,SawyerW,1989,275000,Gd,Y,SBrkr,GLQ,Gd,2,2,2,2,1,9,Eco-Friendly,8,2009
428,NAmes,1957,109008,Ex,Y,SBrkr,Rec,No,3,2,2,1,0,8,Eco-Friendly,7,2008
430,Timber,1988,175000,TA,Y,SBrkr,GLQ,Mn,1,2,2,2,0,7,Standard,3,2009
433,BrDale,1971,122500,Ex,Y,SBrkr,ALQ,No,3,2,2,2,0,9,Eco-Friendly,8,2007
434,Gilbert,1997,181000,Ex,Y,SBrkr,Unf,No,3,2,2,0,0,7,Standard,7,2008
435,MeadowV,1972,81000,Gd,Y,SBrkr,ALQ,Av,2,2,2,2,0,8,Eco-Friendly,6,2008
436,CollgCr,1996,212000,Ex,Y,SBrkr,GLQ,Av,3,2,2,2,0,9,Eco-Friendly,4,2009
437,OldTown,1920,116000,TA,Y,FuseA,Unf,No,1,2,1,0,0,4,Standard,10,2006
438,BrkSide,1926,119000,Gd,Y,SBrkr,Unf,No,2,2,2,0,0,6,Standard,1,2009
439,Crawfor,1913,90350,TA,N,SBrkr,LwQ,No,1,0,2,0,0,3,Standard,3,2007
440,Edwards,1920,110000,Gd,Y,SBrkr,Unf,Mn,2,2,2,0,0,6,Standard,8,2009
441,NridgHt,2008,555000,Ex,Y,SBrkr,GLQ,Gd,3,2,2,2,1,10,Eco-Friendly,4,2009
442,Edwards,1955,118000,TA,N,FuseF,ALQ,No,1,0,1,2,0,4,Standard,9,2008
443,BrkSide,1930,162900,TA,Y,SBrkr,Unf,No,1,2,2,0,0,5,Standard,6,2008
445,CollgCr,1994,210000,Ex,Y,SBrkr,GLQ,No,3,2,2,2,0,9,Eco-Friendly,7,2008
446,Edwards,1956,127500,Fa,Y,SBrkr,Unf,No,0,2,2,0,0,4,Standard,11,2009
447,NAmes,1966,190000,Ex,Y,SBrkr,ALQ,No,3,2,2,2,0,9,Eco-Friendly,6,2010
448,Gilbert,1998,199900,Gd,Y,SBrkr,Unf,No,2,2,2,0,0,6,Standard,7,2006
449,IDOTRR,1937,119500,TA,Y,SBrkr,Unf,No,1,2,2,0,0,5,Standard,6,2006
450,OldTown,1948,120000,Ex,Y,SBrkr,ALQ,No,3,2,2,2,0,9,Eco-Friendly,6,2007
451,OldTown,1930,110000,Ex,Y,FuseA,Unf,No,3,2,1,0,0,6,Standard,6,2006
452,ClearCr,1975,280000,TA,Y,SBrkr,ALQ,Gd,1,2,2,2,1,8,Eco-Friendly,12,2006
453,Timber,1996,204000,Ex,Y,SBrkr,ALQ,No,3,2,2,2,0,9,Eco-Friendly,7,2007
454,Somerst,2008,210000,Ex,Y,SBrkr,Unf,No,3,2,2,0,0,7,Standard,6,2009
456,NWAmes,1973,175500,Fa,Y,SBrkr,ALQ,No,0,2,2,2,0,6,Standard,9,2007
458,ClearCr,1954,256000,Ex,Y,SBrkr,BLQ,Gd,3,2,2,1,1,9,Eco-Friendly,3,2008
459,OldTown,1925,161000,Fa,Y,SBrkr,Unf,No,0,2,2,0,0,4,Standard,6,2008
460,BrkSide,1950,110000,TA,Y,SBrkr,LwQ,No,1,2,2,0,0,5,Standard,7,2009
462,SWISU,1936,155000,Ex,Y,SBrkr,ALQ,No,3,2,2,2,0,9,Eco-Friendly,4,2009
463,Sawyer,1965,62383,Gd,Y,SBrkr,Rec,No,2,2,2,1,0,7,Standard,12,2009
464,Crawfor,1934,188700,Fa,Y,FuseA,LwQ,No,0,2,1,0,0,3,Standard,8,2008
465,CollgCr,1978,124000,TA,Y,SBrkr,Rec,No,1,2,2,1,0,6,Standard,8,2009
466,Blmngtn,2004,178740,Ex,Y,SBrkr,Unf,No,3,2,2,0,0,7,Standard,5,2006
467,NAmes,1970,167000,TA,Y,SBrkr,GLQ,Gd,1,2,2,2,1,8,Eco-Friendly,4,2007
468,NAmes,1942,146500,Ex,Y,SBrkr,LwQ,No,3,2,2,0,0,7,Standard,6,2007
469,NridgHt,2006,250000,Ex,Y,SBrkr,Unf,No,3,2,2,0,0,7,Standard,5,2007
470,SawyerW,1993,187000,Ex,Y,SBrkr,GLQ,No,3,2,2,2,0,9,Eco-Friendly,6,2008
471,StoneBr,1985,212000,TA,Y,SBrkr,GLQ,Av,1,2,2,2,0,7,Standard,6,2010
472,NWAmes,1977,190000,TA,Y,SBrkr,Unf,No,1,2,2,0,0,5,Standard,11,2007
473,Edwards,2005,148000,Ex,Y,SBrkr,GLQ,Gd,3,2,2,2,1,10,Eco-Friendly,6,2008
475,StoneBr,2000,251000,Ex,Y,SBrkr,GLQ,Av,3,2,2,2,0,9,Eco-Friendly,8,2007
476,Sawyer,1963,132500,TA,Y,SBrkr,GLQ,No,1,2,2,2,0,7,Standard,7,2007
477,CollgCr,1997,208900,Ex,Y,SBrkr,GLQ,Gd,3,2,2,2,1,10,Eco-Friendly,4,2008
478,NridgHt,2006,380000,Ex,Y,SBrkr,Unf,Av,3,2,2,0,0,7,Standard,3,2007
479,CollgCr,2007,297000,Ex,Y,SBrkr,GLQ,Gd,3,2,2,2,1,10,Eco-Friendly,9,2009
481,NridgHt,2004,326000,Ex,Y,SBrkr,GLQ,Gd,3,2,2,2,1,10,Eco-Friendly,3,2006
482,NridgHt,2003,374000,Ex,Y,SBrkr,GLQ,Gd,3,2,2,2,1,10,Eco-Friendly,8,2006
483,OldTown,1915,155000,Ex,Y,SBrkr,ALQ,No,3,2,2,2,0,9,Eco-Friendly,6,2009
484,Mitchel,1998,164000,Ex,Y,SBrkr,GLQ,No,3,2,2,2,0,9,Eco-Friendly,5,2006
485,Sawyer,1962,132500,Gd,Y,SBrkr,ALQ,No,2,2,2,2,0,8,Eco-Friendly,3,2007
486,NAmes,1950,147000,Gd,Y,SBrkr,ALQ,No,2,2,2,2,0,8,Eco-Friendly,7,2009
487,NAmes,1965,156000,TA,Y,SBrkr,ALQ,No,1,2,2,2,0,7,Standard,6,2007
488,NWAmes,1971,175000,Gd,Y,SBrkr,ALQ,Av,2,2,2,2,0,8,Eco-Friendly,2,2007
489,OldTown,1900,160000,TA,N,FuseA,BLQ,No,1,0,1,1,0,3,Standard,5,2006
490,MeadowV,1970,86000,TA,Y,SBrkr,GLQ,Av,1,2,2,2,0,7,Standard,5,2009
491,MeadowV,1976,115000,TA,Y,SBrkr,Unf,Mn,1,2,2,0,0,5,Standard,6,2008
492,NAmes,1941,133000,TA,Y,FuseA,BLQ,No,1,2,1,1,0,5,Standard,8,2006
494,NAmes,1960,155000,TA,Y,FuseA,BLQ,No,1,2,1,1,0,5,Standard,6,2008
495,OldTown,1938,91300,Gd,Y,FuseA,Unf,No,2,2,1,0,0,5,Standard,12,2009
497,NoRidge,1992,430000,Ex,Y,SBrkr,GLQ,No,3,2,2,2,0,9,Eco-Friendly,5,2007
498,BrkSide,1925,184000,Ex,Y,SBrkr,Rec,No,3,2,2,1,0,8,Eco-Friendly,6,2008
499,Sawyer,1967,130000,Ex,Y,SBrkr,ALQ,No,3,2,2,2,0,9,Eco-Friendly,6,2009
500,NAmes,1958,120000,Fa,Y,SBrkr,BLQ,No,0,2,2,1,0,5,Standard,6,2007
501,BrDale,1973,113000,TA,Y,SBrkr,BLQ,No,1,2,2,1,0,6,Standard,5,2007
502,Somerst,2005,226700,Gd,Y,SBrkr,GLQ,No,2,2,2,2,0,8,Eco-Friendly,2,2008
503,Edwards,1965,140000,Ex,Y,SBrkr,ALQ,No,3,2,2,2,0,9,Eco-Friendly,4,2007
504,Crawfor,1959,289000,TA,Y,SBrkr,ALQ,No,1,2,2,2,0,7,Standard,3,2010
505,NPkVill,1974,147000,TA,Y,SBrkr,ALQ,No,1,2,2,2,0,7,Standard,6,2009
506,OldTown,1952,124500,Gd,Y,SBrkr,Unf,No,2,2,2,0,0,6,Standard,7,2009
507,SawyerW,1993,215000,Ex,Y,SBrkr,GLQ,No,3,2,2,2,0,9,Eco-Friendly,9,2006
509,OldTown,1928,161000,Ex,Y,SBrkr,Rec,No,3,2,2,1,0,8,Eco-Friendly,10,2008
510,NAmes,1959,124500,Ex,Y,SBrkr,ALQ,No,3,2,2,2,0,9,Eco-Friendly,7,2009
511,NAmes,1951,164900,Ex,Y,SBrkr,BLQ,No,3,2,2,1,0,8,Eco-Friendly,6,2009
513,NAmes,1958,129900,TA,Y,SBrkr,BLQ,No,1,2,2,1,0,6,Standard,7,2006
514,Mitchel,1983,134000,TA,Y,SBrkr,ALQ,No,1,2,2,2,0,7,Standard,6,2007
515,Crawfor,1926,96500,Fa,N,SBrkr,Unf,No,0,0,2,0,0,2,Standard,6,2007
518,NoRidge,1996,265000,Ex,Y,SBrkr,Unf,No,3,2,2,0,0,7,Standard,7,2009
519,CollgCr,1998,211000,Ex,Y,SBrkr,GLQ,Mn,3,2,2,2,0,9,Eco-Friendly,5,2007
520,Crawfor,1926,234000,Ex,Y,SBrkr,Unf,No,3,2,2,0,0,7,Standard,6,2009
521,OldTown,1900,106250,TA,N,FuseA,Unf,No,1,0,1,0,0,2,Standard,8,2008
522,NAmes,1957,150000,Ex,Y,FuseA,Rec,No,3,2,1,1,0,7,Standard,5,2007
523,BrkSide,1947,159000,Ex,Y,SBrkr,ALQ,No,3,2,2,2,0,9,Eco-Friendly,10,2006
525,NoRidge,1996,315750,Ex,Y,SBrkr,GLQ,No,3,2,2,2,0,9,Eco-Friendly,8,2007
526,Somerst,2005,176000,Ex,Y,SBrkr,Unf,No,3,2,2,0,0,7,Standard,4,2006
527,NAmes,1956,132000,TA,Y,SBrkr,Rec,No,1,2,2,1,0,6,Standard,6,2007
529,Edwards,1920,86000,Ex,Y,SBrkr,ALQ,Mn,3,2,2,2,0,9,Eco-Friendly,7,2007
532,BrkSide,1920,128000,Ex,Y,SBrkr,Unf,Mn,3,2,2,0,0,7,Standard,6,2008
533,NAmes,1955,107500,Ex,Y,SBrkr,Unf,No,3,2,2,0,0,7,Standard,4,2010
534,BrkSide,1946,39300,Fa,N,FuseF,Unf,No,0,0,1,0,0,1,Standard,1,2007
535,Gilbert,2004,178000,Ex,Y,SBrkr,Unf,Av,3,2,2,0,0,7,Standard,10,2006
536,Edwards,1910,107500,TA,Y,SBrkr,GLQ,Gd,1,2,2,2,1,8,Eco-Friendly,1,2008
537,CollgCr,1998,188000,Ex,Y,SBrkr,Unf,Av,3,2,2,0,0,7,Standard,7,2008
538,NAmes,1972,111250,TA,Y,SBrkr,BLQ,No,1,2,2,1,0,6,Standard,4,2008
539,Sawyer,1968,158000,TA,Y,SBrkr,BLQ,No,1,2,2,1,0,6,Standard,7,2006
540,CollgCr,2001,272000,Ex,Y,SBrkr,GLQ,Av,3,2,2,2,0,9,Eco-Friendly,5,2010
541,Timber,2006,315000,Ex,Y,SBrkr,GLQ,Av,3,2,2,2,0,9,Eco-Friendly,3,2009
542,NoRidge,2000,248000,Ex,Y,SBrkr,Unf,No,3,2,2,0,0,7,Standard,6,2007
543,NWAmes,1998,213250,Ex,Y,SBrkr,LwQ,No,3,2,2,0,0,7,Standard,6,2009
544,NAmes,1998,133000,Ex,Y,SBrkr,GLQ,Av,3,2,2,2,0,9,Eco-Friendly,6,2007
546,NWAmes,1988,229000,Gd,Y,SBrkr,GLQ,No,2,2,2,2,0,8,Eco-Friendly,2,2006
547,BrkSide,1923,210000,Ex,Y,FuseA,Rec,No,3,2,1,1,0,7,Standard,5,2007
548,Mitchel,1970,129500,Ex,Y,SBrkr,ALQ,Av,3,2,2,2,0,9,Eco-Friendly,4,2007
549,OldTown,1955,125000,TA,Y,SBrkr,LwQ,No,1,2,2,0,0,5,Standard,6,2008
550,Somerst,2003,263000,Ex,Y,SBrkr,Unf,No,3,2,2,0,0,7,Standard,11,2009
552,OldTown,1957,112500,Gd,Y,FuseA,Rec,No,2,2,1,1,0,6,Standard,6,2008
553,NridgHt,2006,255500,Ex,Y,SBrkr,Unf,Av,3,2,2,0,0,7,Standard,7,2009
554,Edwards,1949,108000,Ex,Y,SBrkr,Unf,No,3,2,2,0,0,7,Standard,5,2009
555,NridgHt,2003,284000,Ex,Y,SBrkr,GLQ,No,3,2,2,2,0,9,Eco-Friendly,8,2008
556,BrkSide,1922,113000,TA,Y,FuseA,Unf,No,1,2,1,0,0,4,Standard,8,2006
557,NAmes,1957,141000,TA,Y,FuseA,Rec,No,1,2,1,1,0,5,Standard,5,2006
558,IDOTRR,1920,108000,Gd,Y,SBrkr,Rec,No,2,2,2,1,0,7,Standard,9,2006
559,Gilbert,1996,175000,Ex,Y,SBrkr,GLQ,Gd,3,2,2,2,1,10,Eco-Friendly,8,2008
560,Blmngtn,2003,234000,Ex,Y,SBrkr,Unf,Gd,3,2,2,0,1,8,Eco-Friendly,10,2006
561,Sawyer,1957,121500,TA,Y,SBrkr,ALQ,No,1,2,2,2,0,7,Standard,5,2010
562,Mitchel,1974,170000,Gd,Y,SBrkr,ALQ,Av,2,2,2,2,0,8,Eco-Friendly,4,2006
563,Edwards,1940,108000,Ex,Y,SBrkr,BLQ,No,3,2,2,1,0,8,Eco-Friendly,7,2008
564,Edwards,1918,185000,Ex,Y,SBrkr,Unf,Mn,3,2,2,0,0,7,Standard,7,2008
565,NoRidge,1992,268000,Ex,Y,SBrkr,GLQ,No,3,2,2,2,0,9,Eco-Friendly,7,2006
566,SWISU,1915,128000,TA,N,FuseF,Unf,No,1,0,1,0,0,2,Standard,5,2010
567,StoneBr,2005,325000,Ex,Y,SBrkr,Unf,No,3,2,2,0,0,7,Standard,6,2008
568,NridgHt,2004,214000,Ex,Y,SBrkr,GLQ,No,3,2,2,2,0,9,Eco-Friendly,3,2010
569,SawyerW,1983,316600,Ex,Y,SBrkr,GLQ,Gd,3,2,2,2,1,10,Eco-Friendly,9,2009
570,NAmes,1979,135960,TA,Y,SBrkr,GLQ,Gd,1,2,2,2,1,8,Eco-Friendly,12,2006
571,NAmes,1965,142600,TA,Y,SBrkr,LwQ,No,1,2,2,0,0,5,Standard,11,2008
574,Gilbert,2000,170000,Ex,Y,SBrkr,Unf,No,3,2,2,0,0,7,Standard,12,2007
575,NAmes,1971,139000,TA,Y,SBrkr,ALQ,Av,1,2,2,2,0,7,Standard,12,2007
577,SWISU,1928,145000,Gd,Y,SBrkr,Unf,No,2,2,2,0,0,6,Standard,8,2009
580,OldTown,1954,131500,Ex,N,FuseF,Unf,No,3,0,1,0,0,4,Standard,11,2008
581,NAmes,1960,181900,Ex,Y,SBrkr,BLQ,No,3,2,2,1,0,8,Eco-Friendly,6,2007
583,Edwards,1990,118500,TA,Y,SBrkr,GLQ,Av,1,2,2,2,0,7,Standard,5,2007
584,OldTown,1893,325000,Gd,Y,SBrkr,Unf,No,2,2,2,0,0,6,Standard,7,2008
585,BrkSide,1935,133000,Ex,Y,SBrkr,Unf,No,3,2,2,0,0,7,Standard,7,2009
587,BrkSide,1918,130000,Ex,Y,SBrkr,Rec,Mn,3,2,2,1,0,8,Eco-Friendly,5,2008
588,Sawyer,1982,137000,TA,Y,SBrkr,ALQ,Av,1,2,2,2,0,7,Standard,7,2009
590,BrkSide,1930,79500,TA,Y,FuseA,Unf,No,1,2,1,0,0,4,Standard,8,2008
591,CollgCr,2004,185900,Ex,Y,SBrkr,GLQ,No,3,2,2,2,0,9,Eco-Friendly,9,2008
592,NridgHt,2008,451950,Ex,Y,SBrkr,GLQ,Gd,3,2,2,2,1,10,Eco-Friendly,6,2009
593,Mitchel,1982,138000,Ex,Y,SBrkr,GLQ,No,3,2,2,2,0,9,Eco-Friendly,6,2008
594,CollgCr,2003,140000,Ex,Y,SBrkr,GLQ,Av,3,2,2,2,0,9,Eco-Friendly,5,2009
595,CollgCr,1975,110000,TA,Y,SBrkr,Unf,No,1,2,2,0,0,5,Standard,4,2008
597,OldTown,1910,114504,Ex,N,FuseA,Unf,No,3,0,1,0,0,4,Standard,10,2006
599,Crawfor,1977,217500,Ex,Y,SBrkr,ALQ,Mn,3,2,2,2,0,9,Eco-Friendly,3,2006
600,Blueste,1980,151000,TA,Y,SBrkr,LwQ,No,1,2,2,0,0,5,Standard,7,2008
601,NridgHt,2005,275000,Ex,Y,SBrkr,GLQ,Av,3,2,2,2,0,9,Eco-Friendly,6,2006
602,IDOTRR,1937,141000,TA,Y,SBrkr,Unf,No,1,2,2,0,0,5,Standard,12,2007
604,Somerst,2004,151000,Ex,Y,SBrkr,Unf,No,3,2,2,0,0,7,Standard,6,2010
605,CollgCr,2002,221000,Ex,Y,SBrkr,GLQ,Mn,3,2,2,2,0,9,Eco-Friendly,9,2008
606,NAmes,1965,205000,TA,Y,SBrkr,BLQ,No,1,2,2,1,0,6,Standard,10,2009
607,CollgCr,1996,152000,Gd,Y,SBrkr,GLQ,No,2,2,2,2,0,8,Eco-Friendly,11,2009
608,Edwards,1948,225000,Ex,Y,SBrkr,GLQ,No,3,2,2,2,0,9,Eco-Friendly,8,2006
610,Sawyer,1961,118500,Gd,Y,SBrkr,Rec,Mn,2,2,2,1,0,7,Standard,4,2007
611,CollgCr,2000,313000,Ex,Y,SBrkr,GLQ,Mn,3,2,2,2,0,9,Eco-Friendly,5,2009
612,NWAmes,1978,148000,TA,Y,SBrkr,ALQ,Av,1,2,2,2,0,7,Standard,7,2007
613,CollgCr,2001,261500,Ex,Y,SBrkr,GLQ,Av,3,2,2,2,0,9,Eco-Friendly,11,2009
615,MeadowV,1972,75500,Ex,Y,SBrkr,LwQ,Av,3,2,2,0,0,7,Standard,5,2010
617,Gilbert,2002,183200,Ex,Y,SBrkr,GLQ,No,3,2,2,2,0,9,Eco-Friendly,6,2006
618,NAmes,1954,105500,Gd,Y,SBrkr,Unf,No,2,2,2,0,0,6,Standard,6,2008
620,Timber,2003,305000,Ex,Y,SBrkr,GLQ,Gd,3,2,2,2,1,10,Eco-Friendly,8,2008
621,Edwards,1914,67000,TA,N,FuseF,BLQ,No,1,0,1,1,0,3,Standard,9,2008
622,NWAmes,1974,240000,TA,Y,SBrkr,ALQ,No,1,2,2,2,0,7,Standard,6,2008
623,Sawyer,1977,135000,TA,Y,SBrkr,BLQ,No,1,2,2,1,0,6,Standard,7,2009
624,Somerst,2000,168500,Ex,Y,SBrkr,GLQ,No,3,2,2,2,0,9,Eco-Friendly,6,2007
625,NWAmes,1972,165150,Gd,Y,SBrkr,Rec,No,2,2,2,1,0,7,Standard,11,2006
626,NAmes,1962,160000,TA,Y,SBrkr,Unf,No,1,2,2,0,0,5,Standard,2,2010
627,NAmes,1960,139900,TA,Y,SBrkr,Unf,No,1,2,2,0,0,5,Standard,8,2007
628,NAmes,1955,153000,Ex,Y,SBrkr,BLQ,Av,3,2,2,1,0,8,Eco-Friendly,3,2010
630,NAmes,1964,168500,TA,Y,SBrkr,GLQ,Gd,1,2,2,2,1,8,Eco-Friendly,6,2008
632,NridgHt,2006,209500,Ex,Y,SBrkr,GLQ,Mn,3,2,2,2,0,9,Eco-Friendly,8,2007
634,NAmes,1954,139400,TA,Y,SBrkr,BLQ,No,1,2,2,1,0,6,Standard,7,2007
635,OldTown,1980,144000,Gd,Y,SBrkr,GLQ,No,2,2,2,2,0,8,Eco-Friendly,6,2010
637,BrkSide,1936,60000,Fa,N,FuseA,Unf,No,0,0,1,0,0,1,Standard,1,2009
638,OldTown,1954,93000,TA,Y,FuseA,Unf,No,1,2,1,0,0,4,Standard,11,2009
639,Edwards,1910,85000,Gd,Y,FuseA,Unf,No,2,2,1,0,0,5,Standard,5,2008
641,NridgHt,2003,274000,Ex,Y,SBrkr,GLQ,Gd,3,2,2,2,1,10,Eco-Friendly,4,2008
642,Somerst,2001,226000,Ex,Y,SBrkr,GLQ,No,3,2,2,2,0,9,Eco-Friendly,5,2007
643,NAmes,1972,345000,Gd,Y,SBrkr,GLQ,Gd,2,2,2,2,1,9,Eco-Friendly,7,2009
644,NWAmes,1969,152000,Ex,Y,SBrkr,Rec,No,3,2,2,1,0,8,Eco-Friendly,4,2007
646,NAmes,1971,143250,TA,Y,SBrkr,ALQ,No,1,2,2,2,0,7,Standard,3,2007
647,NAmes,1950,98300,Gd,Y,SBrkr,Unf,No,2,2,2,0,0,6,Standard,7,2008
648,Edwards,1953,155000,Ex,Y,SBrkr,Rec,Mn,3,2,2,1,0,8,Eco-Friendly,6,2008
649,NAmes,1966,155000,TA,Y,SBrkr,Unf,No,1,2,2,0,0,5,Standard,6,2010
650,MeadowV,1970,84500,Gd,Y,SBrkr,BLQ,Av,2,2,2,1,0,7,Standard,12,2007
651,Somerst,2007,205950,Ex,Y,SBrkr,Unf,No,3,2,2,0,0,7,Standard,5,2008
652,Edwards,1940,108000,TA,Y,SBrkr,Unf,Mn,1,2,2,0,0,5,Standard,10,2009
653,CollgCr,1996,191000,Ex,Y,SBrkr,Unf,No,3,2,2,0,0,7,Standard,7,2009
654,IDOTRR,1906,135000,Ex,Y,SBrkr,Unf,No,3,2,2,0,0,7,Standard,6,2008
655,NoRidge,1995,350000,Ex,Y,SBrkr,GLQ,Gd,3,2,2,2,1,10,Eco-Friendly,8,2008
657,NAmes,1959,145500,Ex,Y,SBrkr,ALQ,No,3,2,2,2,0,9,Eco-Friendly,8,2008
658,Crawfor,1931,149000,TA,Y,SBrkr,Unf,No,1,2,2,0,0,5,Standard,2,2008
660,Edwards,1964,167000,Ex,Y,SBrkr,BLQ,No,3,2,2,1,0,8,Eco-Friendly,3,2009
661,NWAmes,1976,197900,TA,Y,SBrkr,Unf,No,1,2,2,0,0,5,Standard,11,2007
662,NoRidge,1994,402000,Ex,Y,SBrkr,GLQ,No,3,2,2,2,0,9,Eco-Friendly,7,2009
663,NAmes,1968,110000,Gd,Y,SBrkr,Unf,No,2,2,2,0,0,6,Standard,7,2009
664,Edwards,1972,137500,TA,Y,SBrkr,BLQ,Av,1,2,2,1,0,6,Standard,4,2008
666,Gilbert,2000,230500,Ex,Y,SBrkr,Unf,No,3,2,2,0,0,7,Standard,11,2006
668,SawyerW,1994,193500,Ex,Y,SBrkr,GLQ,No,3,2,2,2,0,9,Eco-Friendly,10,2008
669,Sawyer,1956,168000,Gd,Y,SBrkr,Rec,No,2,2,2,1,0,7,Standard,11,2006
670,Crawfor,1922,137500,Ex,Y,SBrkr,Unf,No,3,2,2,0,0,7,Standard,7,2006
671,CollgCr,2005,173500,Ex,Y,SBrkr,GLQ,No,3,2,2,2,0,9,Eco-Friendly,2,2009
672,Edwards,1925,103600,TA,N,SBrkr,BLQ,No,1,0,2,1,0,4,Standard,7,2009
673,Veenker,1977,165000,TA,Y,SBrkr,ALQ,No,1,2,2,2,0,7,Standard,6,2006
674,Crawfor,1957,257500,Ex,Y,SBrkr,GLQ,No,3,2,2,2,0,9,Eco-Friendly,6,2007
675,NAmes,1965,140000,TA,Y,SBrkr,Rec,No,1,2,2,1,0,6,Standard,7,2008
676,NPkVill,1978,148500,TA,Y,SBrkr,ALQ,No,1,2,2,2,0,7,Standard,4,2009
677,OldTown,1900,87000,Fa,N,SBrkr,Unf,No,0,0,2,0,0,2,Standard,5,2006
678,OldTown,1924,109500,Ex,Y,SBrkr,Unf,No,3,2,2,0,0,7,Standard,5,2009
680,Sawyer,1961,128500,TA,Y,SBrkr,Rec,No,1,2,2,1,0,6,Standard,10,2007
681,SawyerW,1980,143000,TA,Y,SBrkr,BLQ,No,1,2,2,1,0,6,Standard,5,2010
683,ClearCr,1996,173000,Ex,Y,SBrkr,GLQ,Mn,3,2,2,2,0,9,Eco-Friendly,11,2008
684,CollgCr,2002,285000,Ex,Y,SBrkr,GLQ,Av,3,2,2,2,0,9,Eco-Friendly,7,2007
685,NoRidge,1998,221000,Gd,Y,SBrkr,Unf,No,2,2,2,0,0,6,Standard,6,2010
686,StoneBr,1984,207500,Gd,Y,SBrkr,GLQ,Mn,2,2,2,2,0,8,Eco-Friendly,9,2007
688,Somerst,2004,148800,Ex,Y,SBrkr,GLQ,No,3,2,2,2,0,9,Eco-Friendly,3,2007
690,NridgHt,2005,194700,Ex,Y,SBrkr,ALQ,Av,3,2,2,2,0,9,Eco-Friendly,6,2007
691,CollgCr,2004,141000,Ex,Y,SBrkr,GLQ,Gd,3,2,2,2,1,10,Eco-Friendly,5,2008
692,NoRidge,1994,755000,Ex,Y,SBrkr,GLQ,Gd,3,2,2,2,1,10,Eco-Friendly,1,2007
693,Timber,1989,335000,Ex,Y,SBrkr,GLQ,Gd,3,2,2,2,1,10,Eco-Friendly,4,2006
695,BrkSide,1936,141500,TA,Y,SBrkr,Unf,No,1,2,2,0,0,5,Standard,4,2009
696,Timber,1987,176000,Gd,Y,SBrkr,GLQ,No,2,2,2,2,0,8,Eco-Friendly,7,2006
697,BrkSide,1921,89000,Gd,Y,SBrkr,LwQ,No,2,2,2,0,0,6,Standard,6,2006
698,Edwards,1952,123500,Fa,Y,FuseA,LwQ,Mn,0,2,1,0,0,3,Standard,9,2006
699,Sawyer,1965,138500,Ex,Y,SBrkr,GLQ,No,3,2,2,2,0,9,Eco-Friendly,4,2010
700,Somerst,2004,196000,Ex,Y,SBrkr,GLQ,Mn,3,2,2,2,0,9,Eco-Friendly,7,2008
701,Timber,2002,312500,Ex,Y,SBrkr,GLQ,Gd,3,2,2,2,1,10,Eco-Friendly,5,2006
702,NWAmes,1969,140000,TA,Y,SBrkr,Unf,No,1,2,2,0,0,5,Standard,7,2006
704,OldTown,1900,140000,Gd,Y,SBrkr,Unf,No,2,2,2,0,0,6,Standard,5,2010
705,CollgCr,2004,213000,Ex,Y,SBrkr,GLQ,Av,3,2,2,2,0,9,Eco-Friendly,5,2010
706,IDOTRR,1930,55000,Fa,N,SBrkr,Unf,No,0,0,2,0,0,2,Standard,7,2010
707,ClearCr,1971,302000,TA,Y,SBrkr,GLQ,Gd,1,2,2,2,1,8,Eco-Friendly,6,2007
708,NridgHt,2006,254000,Ex,Y,SBrkr,GLQ,No,3,2,2,2,0,9,Eco-Friendly,12,2009
711,BrkSide,1935,52000,Gd,Y,SBrkr,Unf,No,2,2,2,0,0,6,Standard,7,2008
713,StoneBr,1988,189000,Gd,Y,SBrkr,GLQ,Mn,2,2,2,2,0,8,Eco-Friendly,10,2008
714,BrkSide,1970,129000,TA,N,SBrkr,ALQ,Av,1,0,2,2,0,5,Standard,5,2006
715,Sawyer,1976,130500,Ex,Y,SBrkr,GLQ,No,3,2,2,2,0,9,Eco-Friendly,3,2010
716,NWAmes,1974,165000,TA,Y,SBrkr,Unf,No,1,2,2,0,0,5,Standard,8,2009
717,OldTown,1890,159500,Ex,Y,SBrkr,Unf,No,3,2,2,0,0,7,Standard,7,2007
718,NWAmes,1973,157000,Gd,Y,SBrkr,BLQ,No,2,2,2,1,0,7,Standard,11,2008
719,NoRidge,1993,341000,Ex,Y,SBrkr,GLQ,Gd,3,2,2,2,1,10,Eco-Friendly,8,2008
720,CollgCr,1969,128500,TA,Y,SBrkr,ALQ,Gd,1,2,2,2,1,8,Eco-Friendly,5,2006
721,StoneBr,1985,275000,TA,Y,SBrkr,GLQ,Gd,1,2,2,2,1,8,Eco-Friendly,12,2006
722,CollgCr,2004,143000,Ex,Y,SBrkr,GLQ,Av,3,2,2,2,0,9,Eco-Friendly,5,2010
723,NAmes,1970,124500,Ex,Y,SBrkr,ALQ,No,3,2,2,2,0,9,Eco-Friendly,7,2009
724,Edwards,1954,135000,Ex,Y,SBrkr,Unf,No,3,2,2,0,0,7,Standard,5,2008
725,Edwards,2007,320000,Ex,Y,SBrkr,GLQ,No,3,2,2,2,0,9,Eco-Friendly,2,2009
726,NAmes,1970,120500,TA,Y,SBrkr,ALQ,No,1,2,2,2,0,7,Standard,11,2009
727,Crawfor,1988,222000,Ex,Y,SBrkr,GLQ,No,3,2,2,2,0,9,Eco-Friendly,12,2009
728,CollgCr,2007,194500,Ex,Y,SBrkr,GLQ,Av,3,2,2,2,0,9,Eco-Friendly,2,2009
730,IDOTRR,1925,103000,TA,Y,FuseA,BLQ,No,1,2,1,1,0,5,Standard,1,2009
731,StoneBr,1995,236500,Ex,Y,SBrkr,GLQ,No,3,2,2,2,0,9,Eco-Friendly,3,2010
732,Timber,2003,187500,Ex,Y,SBrkr,GLQ,Av,3,2,2,2,0,9,Eco-Friendly,5,2007
733,CollgCr,1998,222500,Ex,Y,SBrkr,ALQ,Av,3,2,2,2,0,9,Eco-Friendly,7,2008
734,Sawyer,1961,131400,Ex,Y,SBrkr,BLQ,No,3,2,2,1,0,8,Eco-Friendly,3,2009
736,OldTown,1914,163000,Fa,N,SBrkr,Rec,Mn,0,0,2,1,0,3,Standard,10,2006
737,NAmes,1950,93500,Gd,N,FuseF,Unf,No,2,0,1,0,0,3,Standard,7,2006
738,Gilbert,2005,239900,Ex,Y,SBrkr,Unf,No,3,2,2,0,0,7,Standard,6,2006
740,CollgCr,2004,190000,Ex,Y,SBrkr,Unf,No,3,2,2,0,0,7,Standard,4,2009
742,Sawyer,1961,142000,Gd,Y,SBrkr,GLQ,Mn,2,2,2,2,0,8,Eco-Friendly,5,2008
743,SawyerW,2000,179000,Ex,Y,SBrkr,Unf,No,3,2,2,0,0,7,Standard,12,2007
744,Sawyer,1963,175000,Ex,Y,SBrkr,ALQ,Av,3,2,2,2,0,9,Eco-Friendly,10,2009
745,StoneBr,1993,180000,Gd,Y,SBrkr,GLQ,No,2,2,2,2,0,8,Eco-Friendly,10,2008
746,NWAmes,1976,299800,Ex,Y,SBrkr,GLQ,No,3,2,2,2,0,9,Eco-Friendly,7,2008
747,Gilbert,2000,236000,Ex,Y,SBrkr,GLQ,No,3,2,2,2,0,9,Eco-Friendly,4,2009
748,OldTown,1880,265979,TA,N,SBrkr,Unf,No,1,0,2,0,0,3,Standard,5,2009
749,NoRidge,1996,260400,Ex,Y,SBrkr,GLQ,No,3,2,2,2,0,9,Eco-Friendly,3,2010
750,Edwards,1945,98000,TA,N,FuseF,Unf,No,1,0,1,0,0,2,Standard,4,2009
751,OldTown,1910,96500,Gd,Y,SBrkr,Unf,No,2,2,2,0,0,6,Standard,6,2010
752,Gilbert,2003,162000,Ex,Y,SBrkr,Unf,No,3,2,2,0,0,7,Standard,8,2007
753,CollgCr,1997,217000,Ex,Y,SBrkr,GLQ,Gd,3,2,2,2,1,10,Eco-Friendly,7,2006
754,NridgHt,2005,275500,Gd,Y,SBrkr,Unf,Mn,2,2,2,0,0,6,Standard,3,2006
755,NAmes,1969,156000,Gd,Y,SBrkr,GLQ,No,2,2,2,2,0,8,Eco-Friendly,7,2009
756,Somerst,1999,172500,Gd,Y,SBrkr,GLQ,No,2,2,2,2,0,8,Eco-Friendly,3,2009
757,CollgCr,2007,212000,Ex,Y,SBrkr,GLQ,Av,3,2,2,2,0,9,Eco-Friendly,4,2009
759,Somerst,1999,179400,Gd,Y,SBrkr,ALQ,No,2,2,2,2,0,8,Eco-Friendly,8,2008
760,NoRidge,1995,290000,Ex,Y,SBrkr,LwQ,Av,3,2,2,0,0,7,Standard,11,2007
761,NAmes,1959,127500,Ex,Y,SBrkr,Rec,No,3,2,2,1,0,8,Eco-Friendly,10,2009
762,BrkSide,1924,100000,TA,Y,SBrkr,LwQ,Mn,1,2,2,0,0,5,Standard,10,2009
763,Somerst,2009,215200,Ex,Y,SBrkr,GLQ,Mn,3,2,2,2,0,9,Eco-Friendly,6,2010
764,NoRidge,1999,337000,Ex,Y,SBrkr,GLQ,Mn,3,2,2,2,0,9,Eco-Friendly,7,2009
765,Veenker,1995,270000,Ex,Y,SBrkr,LwQ,Av,3,2,2,0,0,7,Standard,4,2006
767,NWAmes,1988,196500,TA,Y,SBrkr,GLQ,No,1,2,2,2,0,7,Standard,3,2010
768,Mitchel,1940,160000,Ex,Y,SBrkr,ALQ,Mn,3,2,2,2,0,9,Eco-Friendly,7,2008
769,CollgCr,2004,216837,Ex,Y,SBrkr,GLQ,No,3,2,2,2,0,9,Eco-Friendly,10,2006
770,StoneBr,2003,538000,Ex,Y,SBrkr,ALQ,Gd,3,2,2,2,1,10,Eco-Friendly,6,2010
771,Sawyer,1982,134900,TA,Y,SBrkr,GLQ,Av,1,2,2,2,0,7,Standard,4,2009
772,Edwards,1951,102000,TA,Y,FuseF,LwQ,No,1,2,1,0,0,4,Standard,4,2006
774,NAmes,1958,114500,Ex,Y,FuseA,Rec,No,3,2,1,1,0,7,Standard,7,2007
776,Mitchel,1998,162000,Ex,Y,SBrkr,GLQ,No,3,2,2,2,0,9,Eco-Friendly,6,2009
778,Sawyer,1974,142500,TA,Y,SBrkr,ALQ,No,1,2,2,2,0,7,Standard,6,2006
779,SawyerW,1977,144000,TA,Y,SBrkr,Unf,No,1,2,2,0,0,5,Standard,10,2007
780,Mitchel,1977,135000,TA,Y,SBrkr,GLQ,Gd,1,2,2,2,1,8,Eco-Friendly,5,2006
781,Gilbert,1995,176000,Gd,Y,SBrkr,Unf,No,2,2,2,0,0,6,Standard,6,2007
782,SawyerW,1992,175900,Ex,Y,SBrkr,ALQ,No,3,2,2,2,0,9,Eco-Friendly,7,2006
783,CollgCr,2001,187100,Ex,Y,SBrkr,Unf,No,3,2,2,0,0,7,Standard,6,2009
784,Mitchel,1978,165500,Ex,Y,SBrkr,GLQ,Av,3,2,2,2,0,9,Eco-Friendly,7,2009
785,OldTown,1914,128000,Ex,Y,SBrkr,Unf,No,3,2,2,0,0,7,Standard,6,2008
786,NWAmes,1967,161500,TA,Y,SBrkr,Rec,No,1,2,2,1,0,6,Standard,9,2009
787,OldTown,1915,139000,TA,Y,SBrkr,LwQ,No,1,2,2,0,0,5,Standard,6,2010
788,SawyerW,2004,233000,Ex,Y,SBrkr,GLQ,No,3,2,2,2,0,9,Eco-Friendly,1,2010
789,OldTown,1954,107900,Ex,Y,SBrkr,Unf,No,3,2,2,0,0,7,Standard,8,2008
790,ClearCr,1966,187500,Gd,Y,SBrkr,LwQ,Gd,2,2,2,0,1,7,Standard,7,2007
791,Blmngtn,2005,160200,Ex,Y,SBrkr,GLQ,No,3,2,2,2,0,9,Eco-Friendly,9,2009
792,Mitchel,1976,146800,TA,Y,SBrkr,ALQ,Av,1,2,2,2,0,7,Standard,5,2007
793,NoRidge,1996,269790,Ex,Y,SBrkr,GLQ,Av,3,2,2,2,0,9,Eco-Friendly,6,2007
795,Gilbert,1994,194500,Ex,Y,SBrkr,Unf,No,3,2,2,0,0,7,Standard,10,2008
796,SawyerW,1980,171000,TA,Y,SBrkr,Unf,No,1,2,2,0,0,5,Standard,4,2010
797,Sawyer,1977,143500,Ex,Y,SBrkr,Unf,No,3,2,2,0,0,7,Standard,4,2007
800,SWISU,1937,175000,Ex,Y,SBrkr,ALQ,No,3,2,2,2,0,9,Eco-Friendly,6,2007
801,ClearCr,1997,200000,Gd,Y,SBrkr,GLQ,Gd,2,2,2,2,1,9,Eco-Friendly,5,2008
802,IDOTRR,1916,109900,Ex,Y,FuseA,LwQ,No,3,2,1,0,0,6,Standard,7,2007
803,CollgCr,2005,189000,Ex,Y,SBrkr,GLQ,Av,3,2,2,2,0,9,Eco-Friendly,10,2008
807,NAmes,1967,135500,Gd,Y,SBrkr,ALQ,Av,2,2,2,2,0,8,Eco-Friendly,10,2006
808,BrkSide,1923,223500,Ex,Y,SBrkr,GLQ,Gd,3,2,2,2,1,10,Eco-Friendly,5,2009
809,NAmes,1966,159950,TA,Y,SBrkr,ALQ,Av,1,2,2,2,0,7,Standard,6,2006
810,OldTown,1898,106000,TA,N,FuseA,Unf,No,1,0,1,0,0,2,Standard,11,2009
811,NWAmes,1974,181000,Fa,Y,SBrkr,ALQ,No,0,2,2,2,0,6,Standard,1,2006
812,CollgCr,2004,144500,Ex,Y,SBrkr,GLQ,Gd,3,2,2,2,1,10,Eco-Friendly,6,2008
814,NAmes,1958,157900,Gd,Y,SBrkr,Rec,No,2,2,2,1,0,7,Standard,4,2007
815,Edwards,1918,116000,Gd,Y,SBrkr,Unf,No,2,2,2,0,0,6,Standard,7,2006
816,CollgCr,1998,224900,Ex,Y,SBrkr,Unf,No,3,2,2,0,0,7,Standard,5,2010
817,NAmes,1954,137000,Gd,Y,SBrkr,BLQ,No,2,2,2,1,0,7,Standard,7,2006
818,Mitchel,2002,271000,Ex,Y,SBrkr,GLQ,No,3,2,2,2,0,9,Eco-Friendly,7,2008
819,ClearCr,1971,155000,Gd,Y,SBrkr,GLQ,Av,2,2,2,2,0,8,Eco-Friendly,6,2010
821,CollgCr,2003,183000,Ex,Y,SBrkr,Unf,No,3,2,2,0,0,7,Standard,6,2008
822,OldTown,1953,93000,TA,N,SBrkr,Unf,No,1,0,2,0,0,3,Standard,2,2009
824,SWISU,1940,139500,TA,Y,SBrkr,Unf,No,1,2,2,0,0,5,Standard,7,2009
827,BrkSide,1924,109500,Gd,Y,SBrkr,ALQ,No,2,2,2,2,0,8,Eco-Friendly,5,2008
828,SawyerW,2001,189000,Ex,Y,SBrkr,GLQ,No,3,2,2,2,0,9,Eco-Friendly,4,2009
830,Somerst,2005,147400,Ex,Y,SBrkr,Unf,No,3,2,2,0,0,7,Standard,7,2006
831,NAmes,1957,166000,TA,Y,FuseA,Rec,No,1,2,1,1,0,5,Standard,6,2008
832,Somerst,2005,151000,Ex,Y,SBrkr,Unf,No,3,2,2,0,0,7,Standard,6,2006
833,CollgCr,2003,237000,Ex,Y,SBrkr,GLQ,No,3,2,2,2,0,9,Eco-Friendly,1,2010
834,NAmes,1964,167000,TA,Y,SBrkr,Rec,No,1,2,2,1,0,6,Standard,2,2009
835,NAmes,1961,139950,Gd,Y,SBrkr,Rec,No,2,2,2,1,0,7,Standard,9,2008
836,Sawyer,1950,128000,TA,Y,SBrkr,BLQ,No,1,2,2,1,0,6,Standard,2,2010
837,OldTown,1948,153500,Gd,Y,SBrkr,Rec,No,2,2,2,1,0,7,Standard,6,2007
838,BrDale,1973,100000,TA,Y,SBrkr,BLQ,No,1,2,2,1,0,6,Standard,11,2008
839,CollgCr,1995,144000,Ex,Y,SBrkr,Unf,No,3,2,2,0,0,7,Standard,6,2008
840,Edwards,1946,130500,Ex,Y,SBrkr,BLQ,No,3,2,2,1,0,8,Eco-Friendly,5,2008
841,SWISU,1925,140000,TA,N,SBrkr,BLQ,No,1,0,2,1,0,4,Standard,3,2008
842,OldTown,1904,157500,Gd,Y,SBrkr,Unf,No,2,2,2,0,0,6,Standard,6,2008
843,NAmes,1966,174900,TA,Y,SBrkr,Rec,Gd,1,2,2,1,1,7,Standard,5,2008
844,NAmes,1961,141000,Ex,N,SBrkr,Unf,No,3,0,2,0,0,5,Standard,7,2007
845,OldTown,1915,153900,Gd,Y,SBrkr,Unf,Mn,2,2,2,0,0,6,Standard,6,2008
846,Sawyer,1975,171000,TA,Y,SBrkr,ALQ,Gd,1,2,2,2,1,8,Eco-Friendly,1,2007
847,SawyerW,1993,213000,Ex,Y,SBrkr,ALQ,No,3,2,2,2,0,9,Eco-Friendly,7,2009
848,CollgCr,1972,133500,Ex,Y,SBrkr,BLQ,Av,3,2,2,1,0,8,Eco-Friendly,8,2009
849,ClearCr,1908,240000,TA,Y,SBrkr,Unf,No,1,2,2,0,0,5,Standard,9,2008
850,Veenker,1976,187000,Ex,Y,SBrkr,Unf,No,3,2,2,0,0,7,Standard,8,2007
851,CollgCr,2003,131500,Ex,Y,SBrkr,GLQ,Av,3,2,2,2,0,9,Eco-Friendly,11,2007
852,Blmngtn,2003,215000,Ex,Y,SBrkr,Unf,Gd,3,2,2,0,1,8,Eco-Friendly,5,2006
853,Crawfor,1941,164000,Gd,Y,SBrkr,Rec,No,2,2,2,1,0,7,Standard,8,2007
854,NAmes,1964,158000,TA,Y,SBrkr,Rec,Gd,1,2,2,1,1,7,Standard,8,2009
856,Sawyer,1962,127000,Ex,Y,SBrkr,ALQ,No,3,2,2,2,0,9,Eco-Friendly,4,2010
857,CollgCr,1978,147000,TA,Y,SBrkr,GLQ,Gd,1,2,2,2,1,8,Eco-Friendly,10,2008
858,Gilbert,1994,174000,Gd,Y,SBrkr,Unf,No,2,2,2,0,0,6,Standard,3,2009
860,NWAmes,1968,250000,TA,Y,SBrkr,BLQ,Mn,1,2,2,1,0,6,Standard,8,2006
861,Crawfor,1918,189950,Gd,Y,SBrkr,Unf,No,2,2,2,0,0,6,Standard,6,2007
862,Sawyer,1965,131500,Ex,Y,SBrkr,BLQ,Mn,3,2,2,1,0,8,Eco-Friendly,4,2010
863,SawyerW,1984,152000,TA,Y,SBrkr,GLQ,No,1,2,2,2,0,7,Standard,5,2010
864,NAmes,1959,132500,TA,Y,SBrkr,BLQ,No,1,2,2,1,0,6,Standard,7,2009
866,NAmes,1970,148500,TA,Y,SBrkr,BLQ,No,1,2,2,1,0,6,Standard,8,2009
868,Sawyer,1961,129000,TA,Y,SBrkr,ALQ,No,1,2,2,2,0,7,Standard,5,2007
869,Gilbert,1948,169000,Gd,Y,SBrkr,Unf,No,2,2,2,0,0,6,Standard,5,2006
870,SawyerW,1993,236000,Ex,Y,SBrkr,GLQ,No,3,2,2,2,0,9,Eco-Friendly,6,2010
871,NAmes,1962,109500,Gd,N,SBrkr,Unf,No,2,0,2,0,0,4,Standard,8,2009
872,CollgCr,1998,200500,Ex,Y,SBrkr,GLQ,No,3,2,2,2,0,9,Eco-Friendly,6,2010
873,NAmes,1953,116000,Gd,Y,SBrkr,Unf,Av,2,2,2,0,0,6,Standard,10,2008
874,NAmes,1949,133000,Gd,Y,SBrkr,Rec,No,2,2,2,1,0,7,Standard,9,2009
877,Mitchel,1963,132250,Gd,Y,SBrkr,ALQ,Gd,2,2,2,2,1,9,Eco-Friendly,1,2007
878,NridgHt,2004,350000,Ex,Y,SBrkr,GLQ,No,3,2,2,2,0,9,Eco-Friendly,6,2009
879,Sawyer,1961,148000,TA,Y,SBrkr,ALQ,Av,1,2,2,2,0,7,Standard,6,2010
880,CollgCr,1978,136500,Ex,Y,SBrkr,ALQ,No,3,2,2,2,0,9,Eco-Friendly,7,2009
881,Edwards,2005,157000,Gd,Y,SBrkr,ALQ,No,2,2,2,2,0,8,Eco-Friendly,6,2007
882,Timber,1990,187500,Ex,Y,SBrkr,LwQ,Mn,3,2,2,0,0,7,Standard,4,2007
883,Gilbert,1992,178000,Gd,Y,SBrkr,Unf,No,2,2,2,0,0,6,Standard,12,2009
884,SWISU,1912,118500,TA,N,SBrkr,Unf,No,1,0,2,0,0,3,Standard,3,2006
885,NAmes,1967,100000,TA,Y,SBrkr,BLQ,No,1,2,2,1,0,6,Standard,7,2009
888,Edwards,1955,135500,TA,Y,SBrkr,Unf,No,1,2,2,0,0,5,Standard,4,2008
889,NAmes,1970,268000,Ex,Y,SBrkr,ALQ,Gd,3,2,2,2,1,10,Eco-Friendly,10,2007
890,NAmes,1953,149500,Ex,Y,SBrkr,BLQ,No,3,2,2,1,0,8,Eco-Friendly,2,2009
891,NAmes,1949,122900,Ex,Y,SBrkr,Unf,Mn,3,2,2,0,0,7,Standard,7,2007
892,Sawyer,1978,172500,Gd,Y,SBrkr,LwQ,No,2,2,2,0,0,6,Standard,7,2009
893,Sawyer,1963,154500,TA,Y,SBrkr,GLQ,No,1,2,2,2,0,7,Standard,2,2006
894,Sawyer,1954,165000,TA,Y,SBrkr,BLQ,Mn,1,2,2,1,0,6,Standard,6,2008
896,NAmes,1963,140000,TA,Y,SBrkr,BLQ,No,1,2,2,1,0,6,Standard,10,2008
900,Sawyer,1961,135000,TA,Y,SBrkr,BLQ,No,1,2,2,1,0,6,Standard,6,2006
901,NAmes,1971,110000,TA,Y,SBrkr,ALQ,No,1,2,2,2,0,7,Standard,6,2007
902,NAmes,1957,153000,TA,Y,SBrkr,BLQ,Mn,1,2,2,1,0,6,Standard,5,2009
903,Gilbert,2003,180000,Ex,Y,SBrkr,Unf,No,3,2,2,0,0,7,Standard,7,2006
905,Sawyer,1967,125500,TA,Y,SBrkr,GLQ,No,1,2,2,2,0,7,Standard,8,2007
906,NAmes,1954,128000,TA,Y,SBrkr,Rec,No,1,2,2,1,0,6,Standard,2,2010
907,Somerst,2006,255000,Ex,Y,SBrkr,GLQ,No,3,2,2,2,0,9,Eco-Friendly,6,2007
908,Crawfor,1936,250000,Gd,Y,SBrkr,Rec,No,2,2,2,1,0,7,Standard,6,2006
909,Mitchel,1983,131000,TA,Y,SBrkr,BLQ,Av,1,2,2,1,0,6,Standard,6,2006
910,Gilbert,2005,174000,Ex,Y,SBrkr,Unf,No,3,2,2,0,0,7,Standard,6,2009
911,NAmes,1960,154300,TA,Y,FuseA,Rec,No,1,2,1,1,0,5,Standard,1,2010
912,CollgCr,1977,143500,TA,Y,SBrkr,ALQ,Av,1,2,2,2,0,7,Standard,10,2009
914,Crawfor,1949,145000,TA,N,FuseA,BLQ,No,1,0,1,1,0,3,Standard,8,2007
916,MeadowV,1970,75000,Fa,Y,SBrkr,Unf,No,0,2,2,0,0,4,Standard,1,2007
918,Edwards,1956,135000,Ex,Y,FuseA,ALQ,No,3,2,1,2,0,8,Eco-Friendly,4,2009
919,SawyerW,1991,238000,Ex,Y,SBrkr,BLQ,Mn,3,2,2,1,0,8,Eco-Friendly,11,2007
920,NAmes,1958,176500,Ex,Y,SBrkr,ALQ,No,3,2,2,2,0,9,Eco-Friendly,5,2008
921,SawyerW,1994,201000,Ex,Y,SBrkr,GLQ,No,3,2,2,2,0,9,Eco-Friendly,7,2007
922,Edwards,1900,145900,Gd,Y,SBrkr,ALQ,No,2,2,2,2,0,8,Eco-Friendly,9,2008
924,SawyerW,1993,193000,Ex,Y,SBrkr,LwQ,No,3,2,2,0,0,7,Standard,7,2008
925,NWAmes,1980,207500,TA,Y,SBrkr,BLQ,No,1,2,2,1,0,6,Standard,5,2006
927,NridgHt,2003,285000,Ex,Y,SBrkr,Unf,No,3,2,2,0,0,7,Standard,5,2007
928,NWAmes,1968,176000,Gd,Y,SBrkr,BLQ,No,2,2,2,1,0,7,Standard,4,2008
929,CollgCr,2001,236500,Ex,Y,SBrkr,Unf,Av,3,2,2,0,0,7,Standard,6,2009
930,Gilbert,1997,222000,Gd,Y,SBrkr,Unf,No,2,2,2,0,0,6,Standard,11,2006
931,Timber,2007,201000,Ex,Y,SBrkr,GLQ,Av,3,2,2,2,0,9,Eco-Friendly,7,2009
932,NAmes,1965,117500,Ex,Y,SBrkr,BLQ,No,3,2,2,1,0,8,Eco-Friendly,7,2009
933,Somerst,2006,320000,Ex,Y,SBrkr,Unf,No,3,2,2,0,0,7,Standard,3,2007
934,CollgCr,2004,190000,Ex,Y,SBrkr,GLQ,Av,3,2,2,2,0,9,Eco-Friendly,8,2009
935,NAmes,1960,242000,Ex,Y,SBrkr,GLQ,Gd,3,2,2,2,1,10,Eco-Friendly,11,2008
936,BrkSide,1926,79900,Gd,Y,SBrkr,Unf,Mn,2,2,2,0,0,6,Standard,6,2006
937,SawyerW,2003,184900,Ex,Y,SBrkr,GLQ,No,3,2,2,2,0,9,Eco-Friendly,8,2009
938,Somerst,2005,253000,Ex,Y,SBrkr,GLQ,Mn,3,2,2,2,0,9,Eco-Friendly,2,2009
940,ClearCr,1940,244400,Ex,Y,SBrkr,Unf,Mn,3,2,2,0,0,7,Standard,6,2010
941,Mitchel,1976,150900,TA,Y,SBrkr,Rec,Gd,1,2,2,1,1,7,Standard,7,2006
942,Gilbert,1999,214000,Ex,Y,SBrkr,ALQ,No,3,2,2,2,0,9,Eco-Friendly,6,2009
944,Mitchel,1967,143000,TA,Y,SBrkr,Unf,Av,1,2,2,0,0,5,Standard,6,2007
946,OldTown,1890,124900,TA,Y,SBrkr,LwQ,No,1,2,2,0,0,5,Standard,9,2009
947,NAmes,1959,143000,TA,Y,SBrkr,ALQ,Av,1,2,2,2,0,7,Standard,3,2006
948,Timber,2002,270000,Ex,Y,SBrkr,GLQ,Av,3,2,2,2,0,9,Eco-Friendly,11,2007
949,CollgCr,2002,192500,Ex,Y,SBrkr,Unf,No,3,2,2,0,0,7,Standard,2,2006
950,NWAmes,1972,197500,TA,Y,SBrkr,ALQ,No,1,2,2,2,0,7,Standard,3,2010
951,NAmes,1950,129000,Gd,Y,SBrkr,ALQ,No,2,2,2,2,0,8,Eco-Friendly,7,2007
953,CollgCr,1972,133900,Gd,Y,SBrkr,GLQ,Av,2,2,2,2,0,8,Eco-Friendly,4,2009
954,Mitchel,1969,172000,Ex,Y,SBrkr,ALQ,Av,3,2,2,2,0,9,Eco-Friendly,9,2008
956,Crawfor,1946,145000,TA,N,FuseF,Rec,No,1,0,1,1,0,3,Standard,8,2007
957,Blueste,1980,124000,TA,Y,SBrkr,ALQ,No,1,2,2,2,0,7,Standard,5,2009
958,Sawyer,1962,132000,TA,Y,SBrkr,Rec,No,1,2,2,1,0,6,Standard,4,2007
959,CollgCr,2003,185000,Ex,Y,SBrkr,GLQ,Mn,3,2,2,2,0,9,Eco-Friendly,10,2007
960,Somerst,1999,155000,Ex,Y,SBrkr,ALQ,No,3,2,2,2,0,9,Eco-Friendly,5,2010
961,BrkSide,1958,116500,Gd,Y,SBrkr,BLQ,Gd,2,2,2,1,1,8,Eco-Friendly,2,2010
962,NWAmes,1977,272000,TA,Y,SBrkr,ALQ,No,1,2,2,2,0,7,Standard,7,2008
963,NPkVill,1976,155000,TA,Y,SBrkr,ALQ,No,1,2,2,2,0,7,Standard,7,2007
964,CollgCr,2007,239000,Ex,Y,SBrkr,Unf,No,3,2,2,0,0,7,Standard,5,2009
965,Timber,2002,214900,Ex,Y,SBrkr,GLQ,No,3,2,2,2,0,9,Eco-Friendly,2,2010
967,Crawfor,1940,160000,Ex,Y,SBrkr,Rec,No,3,2,2,1,0,8,Eco-Friendly,6,2009
968,NAmes,1955,135000,TA,Y,SBrkr,ALQ,No,1,2,2,2,0,7,Standard,7,2008
970,NAmes,1958,140000,TA,Y,SBrkr,ALQ,Gd,1,2,2,2,1,8,Eco-Friendly,3,2006
972,NridgHt,2003,173000,Ex,Y,SBrkr,GLQ,No,3,2,2,2,0,9,Eco-Friendly,7,2009
973,SawyerW,1979,99500,TA,Y,SBrkr,Unf,No,1,2,2,0,0,5,Standard,4,2010
975,BrkSide,1910,167500,TA,N,SBrkr,Unf,No,1,0,2,0,0,3,Standard,10,2009
976,Somerst,2000,165000,Ex,Y,SBrkr,GLQ,No,3,2,2,2,0,9,Eco-Friendly,4,2006
977,BrkSide,1923,85500,TA,Y,FuseA,Unf,No,1,2,1,0,0,4,Standard,8,2006
980,Sawyer,1963,139000,TA,Y,SBrkr,Rec,No,1,2,2,1,0,6,Standard,6,2009
981,NAmes,1961,178400,Gd,Y,SBrkr,ALQ,Av,2,2,2,2,0,8,Eco-Friendly,7,2008
982,NoRidge,1998,336000,Ex,Y,SBrkr,GLQ,No,3,2,2,2,0,9,Eco-Friendly,7,2009
983,Blmngtn,2007,159895,Ex,Y,SBrkr,Unf,Av,3,2,2,0,0,7,Standard,3,2008
984,CollgCr,2002,255900,Ex,Y,SBrkr,Unf,Mn,3,2,2,0,0,7,Standard,5,2008
985,Mitchel,1977,126000,TA,Y,SBrkr,Unf,No,1,2,2,0,0,5,Standard,8,2009
986,Edwards,1950,125000,TA,N,SBrkr,ALQ,No,1,0,2,2,0,5,Standard,8,2008
987,OldTown,1910,117000,Gd,Y,SBrkr,Unf,No,2,2,2,0,0,6,Standard,6,2006
989,NWAmes,1976,195000,TA,Y,SBrkr,LwQ,No,1,2,2,0,0,5,Standard,6,2007
991,NoRidge,1997,348000,Ex,Y,SBrkr,GLQ,No,3,2,2,2,0,9,Eco-Friendly,6,2006
992,OldTown,1882,168000,Gd,Y,SBrkr,BLQ,No,2,2,2,1,0,7,Standard,11,2009
993,NAmes,1964,187000,Gd,Y,SBrkr,BLQ,Gd,2,2,2,1,1,8,Eco-Friendly,7,2007
995,NridgHt,2006,337500,Ex,Y,SBrkr,GLQ,Gd,3,2,2,2,1,10,Eco-Friendly,7,2009
997,NAmes,1961,136500,TA,Y,SBrkr,Rec,No,1,2,2,1,0,6,Standard,1,2006
998,NWAmes,1970,185000,TA,Y,SBrkr,Unf,No,1,2,2,0,0,5,Standard,2,2009
999,IDOTRR,1922,91000,Fa,N,SBrkr,Unf,No,0,0,2,0,0,2,Standard,5,2006
1000,CollgCr,2006,206000,Ex,Y,SBrkr,GLQ,Av,3,2,2,2,0,9,Eco-Friendly,2,2010
1001,Edwards,1952,82000,Fa,N,FuseF,Unf,No,0,0,1,0,0,1,Standard,7,2009
1003,Somerst,2006,232000,Ex,Y,SBrkr,GLQ,No,3,2,2,2,0,9,Eco-Friendly,7,2008
1004,NWAmes,1976,136905,Fa,Y,SBrkr,Unf,No,0,2,2,0,0,4,Standard,6,2007
1005,Blmngtn,2005,181000,Ex,Y,SBrkr,GLQ,No,3,2,2,2,0,9,Eco-Friendly,5,2009
1006,CollgCr,1977,149900,TA,Y,SBrkr,GLQ,Av,1,2,2,2,0,7,Standard,11,2008
1007,NAmes,1970,163500,Gd,Y,SBrkr,LwQ,No,2,2,2,0,0,6,Standard,3,2007
1008,MeadowV,1970,88000,TA,Y,SBrkr,BLQ,No,1,2,2,1,0,6,Standard,8,2009
1009,Mitchel,2004,240000,Ex,Y,SBrkr,Unf,Mn,3,2,2,0,0,7,Standard,4,2009
1010,SWISU,1926,102000,Ex,Y,SBrkr,Unf,No,3,2,2,0,0,7,Standard,6,2006
1011,Sawyer,1948,135000,TA,Y,SBrkr,Unf,No,1,2,2,0,0,5,Standard,8,2008
1012,Edwards,1965,100000,TA,N,SBrkr,Unf,No,1,0,2,0,0,3,Standard,5,2010
1013,Crawfor,1923,165000,TA,Y,SBrkr,Unf,No,1,2,2,0,0,5,Standard,8,2007
1014,OldTown,1910,85000,TA,N,SBrkr,ALQ,No,1,0,2,2,0,5,Standard,6,2009
1015,NAmes,1948,119200,TA,Y,SBrkr,BLQ,No,1,2,2,1,0,6,Standard,11,2007
1016,NWAmes,2001,227000,Ex,Y,SBrkr,GLQ,No,3,2,2,2,0,9,Eco-Friendly,11,2009
1017,CollgCr,1996,203000,Ex,Y,SBrkr,GLQ,Gd,3,2,2,2,1,10,Eco-Friendly,6,2009
1019,Gilbert,1991,160000,Gd,Y,SBrkr,Unf,No,2,2,2,0,0,6,Standard,5,2007
1020,Blmngtn,2005,213490,Ex,Y,SBrkr,GLQ,Gd,3,2,2,2,1,10,Eco-Friendly,4,2006
1021,Edwards,2005,176000,Ex,Y,SBrkr,GLQ,No,3,2,2,2,0,9,Eco-Friendly,6,2008
1023,OldTown,1930,87000,Gd,Y,FuseA,LwQ,No,2,2,1,0,0,5,Standard,3,2007
1024,Blmngtn,2005,191000,Ex,Y,SBrkr,GLQ,No,3,2,2,2,0,9,Eco-Friendly,5,2008
1026,CollgCr,1972,112500,TA,Y,SBrkr,LwQ,No,1,2,2,0,0,5,Standard,3,2007
1027,NAmes,1960,167500,TA,Y,SBrkr,Rec,No,1,2,2,1,0,6,Standard,4,2010
1029,NAmes,1941,105000,TA,Y,SBrkr,Rec,No,1,2,2,1,0,6,Standard,4,2007
1030,BrDale,1972,118000,Gd,Y,SBrkr,BLQ,No,2,2,2,1,0,7,Standard,5,2006
1031,SWISU,1916,160000,Gd,Y,SBrkr,Unf,Mn,2,2,2,0,0,6,Standard,7,2006
1032,SWISU,1920,197000,Ex,Y,SBrkr,GLQ,No,3,2,2,2,0,9,Eco-Friendly,8,2009
1034,CollgCr,2002,230000,Ex,Y,SBrkr,GLQ,No,3,2,2,2,0,9,Eco-Friendly,2,2006
1035,Crawfor,1938,119750,Ex,Y,SBrkr,Unf,No,3,2,2,0,0,7,Standard,6,2007
1036,Edwards,1957,84000,Ex,N,SBrkr,Unf,No,3,0,2,0,0,5,Standard,1,2009
1037,Timber,2007,315500,Ex,Y,SBrkr,GLQ,Gd,3,2,2,2,1,10,Eco-Friendly,9,2009
1038,CollgCr,2001,287000,Ex,Y,SBrkr,Unf,No,3,2,2,0,0,7,Standard,9,2008
1039,MeadowV,1970,97000,TA,Y,SBrkr,Unf,No,1,2,2,0,0,5,Standard,5,2009
1040,MeadowV,1970,80000,TA,Y,SBrkr,GLQ,Av,1,2,2,2,0,7,Standard,4,2009
1041,Sawyer,1957,155000,Ex,Y,SBrkr,Rec,No,3,2,2,1,0,8,Eco-Friendly,1,2006
1042,NWAmes,1966,173000,Gd,Y,SBrkr,GLQ,No,2,2,2,2,0,8,Eco-Friendly,7,2008
1043,NridgHt,2005,196000,Ex,Y,SBrkr,ALQ,Av,3,2,2,2,0,9,Eco-Friendly,8,2009
1044,SawyerW,1990,262280,Ex,Y,SBrkr,GLQ,No,3,2,2,2,0,9,Eco-Friendly,5,2008
1045,NWAmes,1981,278000,TA,Y,SBrkr,ALQ,No,1,2,2,2,0,7,Standard,7,2009
1046,Edwards,1955,139600,Ex,Y,FuseA,Unf,No,3,2,1,0,0,6,Standard,6,2009
1048,CollgCr,1994,145000,Ex,Y,SBrkr,GLQ,No,3,2,2,2,0,9,Eco-Friendly,2,2008
1049,Mitchel,1960,115000,TA,Y,SBrkr,Unf,No,1,2,2,0,0,5,Standard,11,2009
1053,NAmes,1964,165000,TA,Y,SBrkr,Rec,No,1,2,2,1,0,6,Standard,6,2007
1054,Edwards,1957,144500,Ex,Y,FuseA,Rec,Av,3,2,1,1,0,7,Standard,5,2010
1055,CollgCr,2002,255000,Ex,Y,SBrkr,GLQ,Mn,3,2,2,2,0,9,Eco-Friendly,11,2006
1057,NridgHt,2005,185850,Ex,Y,SBrkr,GLQ,Av,3,2,2,2,0,9,Eco-Friendly,6,2006
1058,NoRidge,1994,248000,Ex,Y,SBrkr,GLQ,No,3,2,2,2,0,9,Eco-Friendly,1,2009
1059,NridgHt,2008,335000,Ex,Y,SBrkr,GLQ,Av,3,2,2,2,0,9,Eco-Friendly,7,2009
1060,Crawfor,1932,220000,TA,Y,SBrkr,Rec,Mn,1,2,2,1,0,6,Standard,3,2007
1061,StoneBr,2001,213500,Ex,Y,SBrkr,GLQ,Mn,3,2,2,2,0,9,Eco-Friendly,4,2010
1062,IDOTRR,1935,81000,TA,Y,SBrkr,Unf,No,1,2,2,0,0,5,Standard,8,2008
1063,OldTown,1900,90000,TA,N,SBrkr,Unf,No,1,0,2,0,0,3,Standard,9,2007
1064,OldTown,1925,110500,Gd,Y,SBrkr,BLQ,No,2,2,2,1,0,7,Standard,7,2006
1065,NAmes,1966,154000,Ex,Y,SBrkr,BLQ,Mn,3,2,2,1,0,8,Eco-Friendly,11,2009
1066,ClearCr,1996,328000,Ex,Y,SBrkr,GLQ,Gd,3,2,2,2,1,10,Eco-Friendly,4,2010
1067,Gilbert,1993,178000,Gd,Y,SBrkr,Unf,No,2,2,2,0,0,6,Standard,5,2009
1068,NAmes,1964,167900,TA,Y,SBrkr,GLQ,Gd,1,2,2,2,1,8,Eco-Friendly,6,2008
1069,MeadowV,1973,151400,Gd,Y,SBrkr,ALQ,No,2,2,2,2,0,8,Eco-Friendly,6,2006
1070,NAmes,1949,135000,TA,Y,SBrkr,ALQ,No,1,2,2,2,0,7,Standard,5,2007
1071,NAmes,1956,135000,TA,Y,SBrkr,BLQ,No,1,2,2,1,0,6,Standard,6,2007
1072,NWAmes,1968,154000,Ex,Y,SBrkr,Rec,No,3,2,2,1,0,8,Eco-Friendly,5,2009
1073,Edwards,1948,91500,Fa,Y,FuseA,Unf,Mn,0,2,1,0,0,3,Standard,8,2006
1074,Edwards,1977,159500,TA,Y,SBrkr,BLQ,No,1,2,2,1,0,6,Standard,7,2009
1075,CollgCr,2006,194000,Ex,Y,SBrkr,Unf,Av,3,2,2,0,0,7,Standard,5,2007
1076,Crawfor,1940,219500,TA,Y,SBrkr,BLQ,No,1,2,2,1,0,6,Standard,7,2007
1077,OldTown,1936,170000,Gd,Y,SBrkr,ALQ,No,2,2,2,2,0,8,Eco-Friendly,4,2006
1079,CollgCr,2004,155900,Ex,Y,SBrkr,GLQ,Mn,3,2,2,2,0,9,Eco-Friendly,5,2006
1080,CollgCr,1994,126000,Gd,Y,SBrkr,GLQ,No,2,2,2,2,0,8,Eco-Friendly,4,2007
1082,Sawyer,1963,133000,Fa,Y,SBrkr,ALQ,No,0,2,2,2,0,6,Standard,6,2010
1083,CollgCr,2002,192000,Ex,Y,SBrkr,Unf,No,3,2,2,0,0,7,Standard,9,2007
1084,NAmes,1964,160000,TA,Y,SBrkr,BLQ,No,1,2,2,1,0,6,Standard,3,2006
1085,Gilbert,1995,187500,Gd,Y,SBrkr,ALQ,No,2,2,2,2,0,8,Eco-Friendly,7,2006
1086,SawyerW,1992,147000,Ex,Y,SBrkr,GLQ,Av,3,2,2,2,0,9,Eco-Friendly,4,2010
1087,MeadowV,1973,83500,TA,Y,SBrkr,BLQ,No,1,2,2,1,0,6,Standard,5,2010
1088,Somerst,2005,252000,Ex,Y,SBrkr,Unf,Mn,3,2,2,0,0,7,Standard,5,2009
1089,Edwards,2004,137500,Ex,Y,SBrkr,Unf,No,3,2,2,0,0,7,Standard,4,2006
1090,Somerst,2005,197000,Ex,Y,SBrkr,GLQ,No,3,2,2,2,0,9,Eco-Friendly,4,2006
1091,NAmes,1950,92900,Fa,N,FuseA,Unf,No,0,0,1,0,0,1,Standard,6,2009
1092,Somerst,1999,160000,Ex,Y,SBrkr,BLQ,No,3,2,2,1,0,8,Eco-Friendly,3,2008
1093,SWISU,1925,136500,Fa,Y,SBrkr,Rec,No,0,2,2,1,0,5,Standard,6,2008
1094,NAmes,1965,146000,Gd,Y,SBrkr,GLQ,Mn,2,2,2,2,0,8,Eco-Friendly,10,2006
1095,NAmes,1956,129000,Ex,Y,SBrkr,BLQ,No,3,2,2,1,0,8,Eco-Friendly,5,2010
1096,CollgCr,2006,176432,Gd,Y,SBrkr,GLQ,No,2,2,2,2,0,8,Eco-Friendly,3,2007
1097,IDOTRR,1914,127000,TA,Y,SBrkr,Unf,No,1,2,2,0,0,5,Standard,3,2007
1098,StoneBr,1986,170000,Ex,Y,SBrkr,Unf,No,3,2,2,0,0,7,Standard,10,2007
1099,BrkSide,1936,128000,TA,Y,SBrkr,BLQ,No,1,2,2,1,0,6,Standard,7,2009
1101,SWISU,1920,60000,TA,N,FuseF,Rec,No,1,0,1,1,0,3,Standard,1,2009
1102,NAmes,1971,119500,TA,Y,SBrkr,BLQ,No,1,2,2,1,0,6,Standard,7,2007
1104,NAmes,1959,159500,Ex,Y,SBrkr,ALQ,Mn,3,2,2,2,0,9,Eco-Friendly,7,2006
1105,BrDale,1970,106000,TA,Y,SBrkr,Unf,No,1,2,2,0,0,5,Standard,4,2007
1106,NoRidge,1994,325000,Ex,Y,SBrkr,GLQ,Av,3,2,2,2,0,9,Eco-Friendly,4,2010
1107,SawyerW,1990,179900,Gd,Y,SBrkr,GLQ,Mn,2,2,2,2,0,8,Eco-Friendly,5,2007
1110,NridgHt,2004,280000,Ex,Y,SBrkr,GLQ,Mn,3,2,2,2,0,9,Eco-Friendly,3,2009
1111,Gilbert,1995,188000,Gd,Y,SBrkr,GLQ,No,2,2,2,2,0,8,Eco-Friendly,6,2008
1112,NWAmes,1976,205000,TA,Y,SBrkr,ALQ,No,1,2,2,2,0,7,Standard,9,2008
1113,NAmes,1957,129900,TA,Y,FuseA,GLQ,No,1,2,1,2,0,6,Standard,7,2006
1114,NAmes,1953,134500,Gd,Y,SBrkr,BLQ,No,2,2,2,1,0,7,Standard,5,2007
1115,OldTown,1954,117000,Ex,Y,SBrkr,Rec,No,3,2,2,1,0,8,Eco-Friendly,8,2006
1117,Gilbert,2002,184100,Ex,Y,SBrkr,GLQ,No,3,2,2,2,0,9,Eco-Friendly,3,2009
1118,Sawyer,1967,130000,Ex,Y,SBrkr,BLQ,No,3,2,2,1,0,8,Eco-Friendly,5,2008
1119,Sawyer,1958,140000,TA,Y,SBrkr,Unf,No,1,2,2,0,0,5,Standard,12,2008
1120,NAmes,1959,133700,TA,Y,FuseA,LwQ,No,1,2,1,0,0,4,Standard,7,2006
1121,IDOTRR,1920,118400,TA,Y,FuseA,Unf,No,1,2,1,0,0,4,Standard,5,2007
1124,Edwards,1947,118000,Ex,Y,SBrkr,Unf,No,3,2,2,0,0,7,Standard,6,2009
1125,Gilbert,1992,163900,Gd,Y,SBrkr,Unf,No,2,2,2,0,0,6,Standard,7,2007
1126,NAmes,1955,115000,TA,Y,SBrkr,Unf,No,1,2,2,0,0,5,Standard,11,2009
1127,Blmngtn,2007,174000,Ex,Y,SBrkr,Unf,No,3,2,2,0,0,7,Standard,6,2009
1129,Gilbert,2004,215000,Ex,Y,SBrkr,Unf,Av,3,2,2,0,0,7,Standard,7,2007
1130,OldTown,1980,140000,TA,Y,SBrkr,GLQ,Gd,1,2,2,2,1,8,Eco-Friendly,8,2007
1131,SWISU,1928,135000,TA,Y,SBrkr,BLQ,No,1,2,2,1,0,6,Standard,12,2009
1133,OldTown,1880,117500,TA,Y,SBrkr,Unf,Mn,1,2,2,0,0,5,Standard,5,2007
1134,SawyerW,1995,239500,Ex,Y,SBrkr,GLQ,No,3,2,2,2,0,9,Eco-Friendly,6,2009
1135,Gilbert,1997,169000,Gd,Y,SBrkr,Unf,Av,2,2,2,0,0,6,Standard,8,2007
1136,BrkSide,1926,102000,TA,N,SBrkr,Unf,No,1,0,2,0,0,3,Standard,5,2007
1138,Sawyer,1875,94000,Gd,N,SBrkr,Unf,No,2,0,2,0,0,4,Standard,5,2010
1139,Mitchel,1977,196000,TA,Y,SBrkr,ALQ,Gd,1,2,2,2,1,8,Eco-Friendly,5,2009
1140,BrkSide,1920,144000,TA,Y,SBrkr,BLQ,No,1,2,2,1,0,6,Standard,5,2007
1142,NWAmes,1976,197500,Ex,Y,SBrkr,ALQ,No,3,2,2,2,0,9,Eco-Friendly,10,2009
1144,Sawyer,1959,80000,TA,Y,SBrkr,GLQ,No,1,2,2,2,0,7,Standard,7,2008
1145,Edwards,1941,80000,Fa,N,FuseA,BLQ,No,0,0,1,1,0,2,Standard,7,2010
1147,SawyerW,1985,180000,TA,Y,SBrkr,GLQ,No,1,2,2,2,0,7,Standard,5,2006
1148,Crawfor,1941,174500,Ex,Y,SBrkr,Rec,No,3,2,2,1,0,8,Eco-Friendly,7,2009
1149,OldTown,1926,116900,TA,Y,SBrkr,Unf,No,1,2,2,0,0,5,Standard,8,2008
1150,OldTown,1920,143000,Ex,Y,SBrkr,ALQ,No,3,2,2,2,0,9,Eco-Friendly,7,2009
1151,NAmes,1950,124000,Ex,Y,FuseA,Unf,No,3,2,1,0,0,6,Standard,11,2007
1152,Edwards,1959,149900,TA,Y,SBrkr,BLQ,No,1,2,2,1,0,6,Standard,11,2006
1154,IDOTRR,1930,120500,Ex,Y,SBrkr,ALQ,Av,3,2,2,2,0,9,Eco-Friendly,6,2008
1155,NAmes,1965,201800,TA,Y,SBrkr,ALQ,Gd,1,2,2,2,1,8,Eco-Friendly,5,2008
1156,Veenker,1976,218000,TA,Y,SBrkr,ALQ,Gd,1,2,2,2,1,8,Eco-Friendly,7,2007
1157,NAmes,1965,179900,Gd,Y,SBrkr,ALQ,Gd,2,2,2,2,1,9,Eco-Friendly,10,2008
1158,NridgHt,2007,230000,Ex,Y,SBrkr,GLQ,No,3,2,2,2,0,9,Eco-Friendly,7,2009
1160,NWAmes,1974,185000,TA,Y,SBrkr,ALQ,No,1,2,2,2,0,7,Standard,7,2008
1161,NPkVill,1978,146000,Fa,Y,SBrkr,ALQ,No,0,2,2,2,0,6,Standard,7,2010
1162,Crawfor,1954,224000,Ex,Y,SBrkr,BLQ,No,3,2,2,1,0,8,Eco-Friendly,11,2008
1163,Sawyer,1968,129000,Gd,Y,SBrkr,BLQ,No,2,2,2,1,0,7,Standard,5,2007
1165,Veenker,1978,194000,Ex,Y,SBrkr,ALQ,Gd,3,2,2,2,1,10,Eco-Friendly,6,2007
1167,CollgCr,2008,245350,Ex,Y,SBrkr,Unf,Av,3,2,2,0,0,7,Standard,2,2010
1168,Gilbert,2000,173000,Ex,Y,SBrkr,GLQ,No,3,2,2,2,0,9,Eco-Friendly,2,2006
1169,Edwards,1935,235000,Ex,Y,SBrkr,Rec,No,3,2,2,1,0,8,Eco-Friendly,7,2008
1170,NoRidge,1995,625000,Ex,Y,SBrkr,GLQ,Gd,3,2,2,2,1,10,Eco-Friendly,7,2006
1171,Mitchel,1977,171000,TA,Y,SBrkr,ALQ,Av,1,2,2,2,0,7,Standard,7,2008
1172,NAmes,1958,163000,Ex,Y,SBrkr,ALQ,No,3,2,2,2,0,9,Eco-Friendly,11,2008
1173,Somerst,2006,171900,Ex,Y,SBrkr,Unf,No,3,2,2,0,0,7,Standard,3,2008
1174,ClearCr,1946,200500,TA,Y,SBrkr,Rec,No,1,2,2,1,0,6,Standard,3,2007
1175,Crawfor,1932,239000,TA,Y,SBrkr,Rec,No,1,2,2,1,0,6,Standard,7,2006
1176,NoRidge,1992,285000,Ex,Y,SBrkr,GLQ,No,3,2,2,2,0,9,Eco-Friendly,4,2007
1177,Mitchel,1984,119500,TA,Y,SBrkr,ALQ,No,1,2,2,2,0,7,Standard,10,2008
1178,OldTown,1926,115000,TA,Y,SBrkr,Rec,No,1,2,2,1,0,6,Standard,12,2009
1179,Crawfor,1921,154900,Ex,Y,SBrkr,Unf,No,3,2,2,0,0,7,Standard,7,2009
1180,Edwards,1954,93000,Gd,Y,SBrkr,Unf,No,2,2,2,0,0,6,Standard,4,2006
1181,Timber,1990,250000,Ex,Y,SBrkr,LwQ,No,3,2,2,0,0,7,Standard,4,2006
1184,OldTown,1920,120000,Ex,Y,SBrkr,Rec,No,3,2,2,1,0,8,Eco-Friendly,6,2006
1185,Timber,1963,186700,Gd,Y,SBrkr,Rec,Gd,2,2,2,1,1,8,Eco-Friendly,5,2007
1186,Edwards,1924,104900,Gd,Y,SBrkr,BLQ,No,2,2,2,1,0,7,Standard,3,2006
1188,NoRidge,1994,262000,Ex,Y,SBrkr,GLQ,No,3,2,2,2,0,9,Eco-Friendly,7,2006
1189,CollgCr,2002,195000,Ex,Y,SBrkr,Unf,No,3,2,2,0,0,7,Standard,7,2009
1190,Gilbert,1999,189000,Gd,Y,SBrkr,Unf,No,2,2,2,0,0,6,Standard,6,2010
1191,Mitchel,1961,168000,Ex,Y,SBrkr,BLQ,Av,3,2,2,1,0,8,Eco-Friendly,3,2007
1192,Somerst,1999,174000,Ex,Y,SBrkr,Unf,No,3,2,2,0,0,7,Standard,11,2007
1193,OldTown,1925,125000,Gd,Y,SBrkr,Unf,Mn,2,2,2,0,0,6,Standard,7,2007
1194,Mitchel,1999,165000,Ex,Y,SBrkr,GLQ,No,3,2,2,2,0,9,Eco-Friendly,6,2009
1195,Sawyer,1969,158000,TA,Y,SBrkr,ALQ,No,1,2,2,2,0,7,Standard,3,2010
1196,Gilbert,2005,176000,Ex,Y,SBrkr,Unf,No,3,2,2,0,0,7,Standard,7,2008
1198,OldTown,1916,144000,Ex,Y,SBrkr,Unf,No,3,2,2,0,0,7,Standard,7,2006
1199,CollgCr,2001,178000,Ex,Y,SBrkr,Unf,No,3,2,2,0,0,7,Standard,6,2009
1200,Sawyer,1963,148000,Gd,Y,SBrkr,Rec,No,2,2,2,1,0,7,Standard,10,2006
1202,CollgCr,1998,197900,Ex,Y,SBrkr,Unf,Av,3,2,2,0,0,7,Standard,3,2009
1203,BrkSide,1925,117000,Ex,Y,SBrkr,Unf,No,3,2,2,0,0,7,Standard,5,2009
1204,CollgCr,2000,213000,Ex,Y,SBrkr,Unf,No,3,2,2,0,0,7,Standard,10,2009
1205,NWAmes,1975,153500,Ex,Y,SBrkr,ALQ,No,3,2,2,2,0,9,Eco-Friendly,7,2006
1206,SawyerW,1990,271900,Gd,Y,SBrkr,ALQ,Mn,2,2,2,2,0,8,Eco-Friendly,6,2009
1207,SawyerW,1966,107000,TA,Y,SBrkr,Rec,No,1,2,2,1,0,6,Standard,11,2006
1208,CollgCr,2003,200000,Ex,Y,SBrkr,GLQ,Av,3,2,2,2,0,9,Eco-Friendly,5,2006
1209,NAmes,1962,140000,TA,Y,SBrkr,Rec,No,1,2,2,1,0,6,Standard,10,2008
1211,SawyerW,1992,189000,Ex,Y,SBrkr,Unf,No,3,2,2,0,0,7,Standard,5,2010
1212,Gilbert,1988,164000,Gd,Y,SBrkr,GLQ,Av,2,2,2,2,0,8,Eco-Friendly,6,2010
1213,Edwards,1941,113000,TA,Y,SBrkr,Rec,No,1,2,2,1,0,6,Standard,8,2009
1214,Sawyer,1965,145000,Ex,Y,SBrkr,GLQ,Av,3,2,2,2,0,9,Eco-Friendly,5,2006
1215,NAmes,1962,134500,TA,Y,SBrkr,BLQ,Av,1,2,2,1,0,6,Standard,5,2006
1216,Sawyer,1966,125000,TA,Y,SBrkr,Rec,No,1,2,2,1,0,6,Standard,5,2007
1217,Sawyer,1978,112000,TA,Y,SBrkr,Unf,No,1,2,2,0,0,5,Standard,4,2010
1219,BrkSide,1947,80500,Gd,N,SBrkr,Unf,No,2,0,2,0,0,4,Standard,7,2006
1222,Sawyer,1968,134000,Ex,Y,SBrkr,BLQ,No,3,2,2,1,0,8,Eco-Friendly,8,2008
1223,NAmes,1949,143000,Ex,Y,SBrkr,Rec,Mn,3,2,2,1,0,8,Eco-Friendly,1,2007
1224,NAmes,1951,137900,TA,N,FuseA,LwQ,No,1,0,1,0,0,2,Standard,10,2006
1225,Gilbert,2004,184000,Ex,Y,SBrkr,GLQ,Av,3,2,2,2,0,9,Eco-Friendly,2,2008
1226,NAmes,1958,145000,Ex,Y,SBrkr,GLQ,Av,3,2,2,2,0,9,Eco-Friendly,6,2007
1227,Somerst,2007,214000,Ex,Y,SBrkr,Unf,Mn,3,2,2,0,0,7,Standard,1,2008
1228,NAmes,1965,147000,Ex,Y,SBrkr,ALQ,No,3,2,2,2,0,9,Eco-Friendly,12,2008
1230,NAmes,1960,127000,Gd,Y,SBrkr,ALQ,No,2,2,2,2,0,8,Eco-Friendly,8,2008
1231,Sawyer,1977,190000,Ex,Y,SBrkr,GLQ,No,3,2,2,2,0,9,Eco-Friendly,8,2007
1232,NAmes,1962,132500,TA,Y,SBrkr,ALQ,Av,1,2,2,2,0,7,Standard,5,2006
1233,NAmes,1962,101800,TA,Y,SBrkr,Unf,No,1,2,2,0,0,5,Standard,3,2007
1236,Crawfor,1914,138887,Gd,Y,FuseF,Unf,Mn,2,2,1,0,0,5,Standard,7,2006
1237,NridgHt,2003,175500,Ex,Y,SBrkr,Unf,No,3,2,2,0,0,7,Standard,6,2010
1238,CollgCr,2004,195000,Ex,Y,SBrkr,Unf,No,3,2,2,0,0,7,Standard,9,2006
1240,Timber,2006,265900,Ex,Y,SBrkr,GLQ,Av,3,2,2,2,0,9,Eco-Friendly,12,2007
1241,CollgCr,2003,224900,Ex,Y,SBrkr,GLQ,No,3,2,2,2,0,9,Eco-Friendly,7,2008
1245,Crawfor,1929,230000,Fa,Y,SBrkr,Unf,No,0,2,2,0,0,4,Standard,6,2006
1248,Mitchel,1976,169900,TA,Y,SBrkr,GLQ,Av,1,2,2,2,0,7,Standard,5,2010
1249,OldTown,1917,129500,Fa,N,SBrkr,Rec,No,0,0,2,1,0,3,Standard,4,2008
1250,NAmes,1950,119000,TA,Y,SBrkr,BLQ,No,1,2,2,1,0,6,Standard,5,2007
1251,NAmes,1968,244000,Ex,Y,SBrkr,ALQ,No,3,2,2,2,0,9,Eco-Friendly,4,2010
1252,NridgHt,2003,171750,Ex,Y,SBrkr,Unf,No,3,2,2,0,0,7,Standard,3,2006
1253,Mitchel,1968,130000,TA,Y,SBrkr,BLQ,No,1,2,2,1,0,6,Standard,11,2009
1254,Veenker,1974,294000,TA,Y,SBrkr,LwQ,Gd,1,2,2,0,1,6,Standard,7,2007
1255,Edwards,2003,165400,Ex,Y,SBrkr,Unf,No,3,2,2,0,0,7,Standard,7,2008
1256,BrkSide,1931,127500,TA,Y,FuseA,LwQ,No,1,2,1,0,0,4,Standard,11,2007
1257,NoRidge,1994,301500,Ex,Y,SBrkr,GLQ,Gd,3,2,2,2,1,10,Eco-Friendly,8,2008
1258,Edwards,1922,99900,Ex,Y,SBrkr,Unf,No,3,2,2,0,0,7,Standard,7,2009
1259,Gilbert,2005,190000,Ex,Y,SBrkr,GLQ,Gd,3,2,2,2,1,10,Eco-Friendly,7,2008
1260,NAmes,1969,151000,Gd,Y,SBrkr,ALQ,No,2,2,2,2,0,8,Eco-Friendly,7,2008
1261,Gilbert,1999,181000,Ex,Y,SBrkr,Unf,No,3,2,2,0,0,7,Standard,6,2009
1262,NAmes,1956,128900,Gd,Y,SBrkr,Rec,No,2,2,2,1,0,7,Standard,6,2009
1263,ClearCr,1957,161500,Ex,Y,FuseA,Unf,Av,3,2,1,0,0,6,Standard,11,2009
1264,BrkSide,1919,180500,Ex,Y,FuseA,Unf,No,3,2,1,0,0,6,Standard,7,2007
1266,Somerst,1999,183900,Ex,Y,SBrkr,GLQ,No,3,2,2,2,0,9,Eco-Friendly,3,2006
1267,OldTown,1910,122000,TA,N,FuseF,Unf,No,1,0,1,0,0,2,Standard,1,2007
1268,Timber,2008,378500,Ex,Y,SBrkr,Unf,Gd,3,2,2,0,1,8,Eco-Friendly,5,2010
1269,Crawfor,1935,381000,Ex,Y,SBrkr,Rec,Mn,3,2,2,1,0,8,Eco-Friendly,5,2008
1270,NAmes,1958,144000,TA,Y,FuseA,BLQ,No,1,2,1,1,0,5,Standard,7,2007
1271,ClearCr,1979,260000,TA,Y,SBrkr,GLQ,Gd,1,2,2,2,1,8,Eco-Friendly,4,2010
1272,NWAmes,1968,185750,Gd,Y,SBrkr,Unf,No,2,2,2,0,0,6,Standard,8,2009
1273,Sawyer,1965,137000,TA,Y,SBrkr,BLQ,No,1,2,2,1,0,6,Standard,11,2006
1274,Edwards,1959,177000,Gd,Y,SBrkr,ALQ,Av,2,2,2,2,0,8,Eco-Friendly,5,2008
1275,Crawfor,1910,139000,Ex,Y,SBrkr,Unf,No,3,2,2,0,0,7,Standard,11,2007
1276,NAmes,1948,137000,Gd,Y,FuseA,Rec,No,2,2,1,1,0,6,Standard,7,2007
1277,NWAmes,1972,162000,TA,Y,SBrkr,BLQ,No,1,2,2,1,0,6,Standard,12,2009
1278,NWAmes,1967,197900,Fa,Y,SBrkr,ALQ,Av,0,2,2,2,0,6,Standard,6,2009
1279,CollgCr,2002,237000,Ex,Y,SBrkr,GLQ,No,3,2,2,2,0,9,Eco-Friendly,3,2008
1281,CollgCr,2002,227000,Ex,Y,SBrkr,GLQ,No,3,2,2,2,0,9,Eco-Friendly,3,2009
1282,Timber,1990,180000,TA,Y,SBrkr,ALQ,No,1,2,2,2,0,7,Standard,7,2006
1283,CollgCr,1977,150500,TA,Y,SBrkr,LwQ,Mn,1,2,2,0,0,5,Standard,9,2009
1284,Mitchel,1971,139000,TA,Y,SBrkr,Unf,Av,1,2,2,0,0,5,Standard,4,2010
1285,SWISU,1919,169000,Ex,Y,SBrkr,Unf,No,3,2,2,0,0,7,Standard,3,2010
1286,BrkSide,1939,132500,Ex,Y,FuseF,Unf,No,3,2,1,0,0,6,Standard,5,2009
1287,NWAmes,1963,143000,TA,Y,SBrkr,ALQ,No,1,2,2,2,0,7,Standard,6,2010
1288,ClearCr,1964,190000,Fa,Y,SBrkr,Rec,Av,0,2,2,1,0,5,Standard,6,2006
1289,StoneBr,2000,278000,Ex,Y,SBrkr,GLQ,No,3,2,2,2,0,9,Eco-Friendly,10,2009
1291,NAmes,1964,180500,TA,Y,SBrkr,GLQ,Av,1,2,2,2,0,7,Standard,4,2010
1292,BrDale,1972,119500,TA,Y,SBrkr,ALQ,No,1,2,2,2,0,7,Standard,2,2009
1293,OldTown,1892,107500,TA,N,SBrkr,Unf,No,1,0,2,0,0,3,Standard,12,2009
1294,NWAmes,1976,162900,TA,Y,SBrkr,GLQ,No,1,2,2,2,0,7,Standard,3,2006
1295,Edwards,1955,115000,TA,Y,SBrkr,Rec,No,1,2,2,1,0,6,Standard,4,2006
1296,NAmes,1968,138500,Gd,Y,SBrkr,BLQ,Av,2,2,2,1,0,7,Standard,11,2006
1297,NAmes,1963,155000,Gd,Y,SBrkr,ALQ,Mn,2,2,2,2,0,8,Eco-Friendly,12,2008
1300,NAmes,1959,154000,Ex,Y,SBrkr,LwQ,No,3,2,2,0,0,7,Standard,5,2010
1301,Gilbert,1999,225000,Ex,Y,SBrkr,GLQ,No,3,2,2,2,0,9,Eco-Friendly,5,2009
1302,Crawfor,1942,177500,Fa,Y,SBrkr,BLQ,No,0,2,2,1,0,5,Standard,11,2009
1303,NoRidge,1994,290000,Ex,Y,SBrkr,GLQ,No,3,2,2,2,0,9,Eco-Friendly,12,2006
1304,Somerst,2005,232000,Ex,Y,SBrkr,Unf,Av,3,2,2,0,0,7,Standard,4,2006
1305,Edwards,2004,130000,Ex,Y,SBrkr,Unf,No,3,2,2,0,0,7,Standard,4,2006
1306,NridgHt,2006,325000,Ex,Y,SBrkr,GLQ,No,3,2,2,2,0,9,Eco-Friendly,11,2009
1308,CollgCr,1994,138000,Ex,Y,SBrkr,ALQ,No,3,2,2,2,0,9,Eco-Friendly,5,2009
1309,OldTown,1948,147000,Ex,Y,SBrkr,GLQ,No,3,2,2,2,0,9,Eco-Friendly,5,2008
1310,SawyerW,1991,179200,Gd,Y,SBrkr,GLQ,No,2,2,2,2,0,8,Eco-Friendly,6,2008
1311,Crawfor,1959,335000,TA,Y,SBrkr,GLQ,Av,1,2,2,2,0,7,Standard,5,2010
1313,NoRidge,1990,302000,Ex,Y,SBrkr,GLQ,No,3,2,2,2,0,9,Eco-Friendly,6,2007
1314,NoRidge,1999,333168,Ex,Y,SBrkr,Unf,No,3,2,2,0,0,7,Standard,5,2010
1315,Edwards,1954,119000,Ex,Y,SBrkr,Rec,No,3,2,2,1,0,8,Eco-Friendly,10,2007
1316,NAmes,1969,206900,TA,Y,SBrkr,ALQ,Mn,1,2,2,2,0,7,Standard,6,2008
1317,CollgCr,2008,295493,Ex,Y,SBrkr,Unf,Gd,3,2,2,0,1,8,Eco-Friendly,1,2009
1319,CollgCr,2001,275000,Ex,Y,SBrkr,Unf,Gd,3,2,2,0,1,8,Eco-Friendly,8,2006
1320,Edwards,1954,111000,Ex,Y,SBrkr,ALQ,No,3,2,2,2,0,9,Eco-Friendly,2,2007
1321,NAmes,1957,156500,Gd,Y,SBrkr,ALQ,No,2,2,2,2,0,8,Eco-Friendly,6,2009
1322,BrkSide,1949,72500,TA,N,SBrkr,Unf,No,1,0,2,0,0,3,Standard,7,2008
1323,NoRidge,1992,190000,Ex,Y,SBrkr,GLQ,No,3,2,2,2,0,9,Eco-Friendly,6,2010
1324,BrkSide,1940,82500,Gd,Y,SBrkr,LwQ,No,2,2,2,0,0,6,Standard,12,2009
1326,IDOTRR,1922,55000,Fa,N,SBrkr,Unf,No,0,0,2,0,0,2,Standard,1,2008
1327,Edwards,1931,79000,Ex,Y,SBrkr,Rec,No,3,2,2,1,0,8,Eco-Friendly,5,2007
1328,Mitchel,1982,130500,Ex,Y,SBrkr,ALQ,No,3,2,2,2,0,9,Eco-Friendly,10,2008
1329,OldTown,1920,256000,Ex,Y,SBrkr,LwQ,No,3,2,2,0,0,7,Standard,6,2008
1330,Gilbert,1998,176500,Gd,Y,SBrkr,Unf,No,2,2,2,0,0,6,Standard,6,2006
1331,Somerst,2006,227000,Ex,Y,SBrkr,Unf,Av,3,2,2,0,0,7,Standard,12,2007
1332,CollgCr,1976,132500,Gd,Y,SBrkr,ALQ,Av,2,2,2,2,0,8,Eco-Friendly,7,2006
1333,Edwards,1938,100000,Ex,Y,SBrkr,ALQ,Mn,3,2,2,2,0,9,Eco-Friendly,5,2009
1334,IDOTRR,1938,125500,Ex,Y,SBrkr,Unf,No,3,2,2,0,0,7,Standard,7,2006
1335,BrDale,1970,125000,TA,Y,SBrkr,LwQ,No,1,2,2,0,0,5,Standard,5,2009
1336,NWAmes,1977,167900,TA,Y,SBrkr,ALQ,No,1,2,2,2,0,7,Standard,4,2009
1337,NWAmes,1973,135000,TA,Y,SBrkr,Unf,No,1,2,2,0,0,5,Standard,11,2008
1338,OldTown,1941,52500,Fa,N,FuseA,Unf,No,0,0,1,0,0,1,Standard,3,2006
1339,CollgCr,2002,200000,Ex,Y,SBrkr,GLQ,No,3,2,2,2,0,9,Eco-Friendly,6,2006
1340,CollgCr,1972,128500,Ex,Y,SBrkr,Rec,Mn,3,2,2,1,0,8,Eco-Friendly,6,2006
1341,NAmes,1971,123000,TA,Y,SBrkr,Unf,No,1,2,2,0,0,5,Standard,6,2007
1342,SawyerW,2003,155000,Ex,Y,SBrkr,GLQ,No,3,2,2,2,0,9,Eco-Friendly,7,2008
1343,CollgCr,2002,228500,Ex,Y,SBrkr,Unf,No,3,2,2,0,0,7,Standard,8,2007
1344,Crawfor,1928,177000,Gd,Y,SBrkr,Unf,No,2,2,2,0,0,6,Standard,3,2009
1346,OldTown,1920,108500,Gd,Y,FuseA,ALQ,No,2,2,1,2,0,7,Standard,7,2007
1347,NWAmes,1968,262500,TA,Y,SBrkr,BLQ,No,1,2,2,1,0,6,Standard,6,2006
1349,SawyerW,1998,215000,Ex,Y,SBrkr,GLQ,Gd,3,2,2,2,1,10,Eco-Friendly,8,2007
1350,OldTown,1872,122000,Fa,N,SBrkr,LwQ,No,0,0,2,0,0,2,Standard,12,2008
1351,NAmes,1969,200000,TA,Y,SBrkr,LwQ,No,1,2,2,0,0,5,Standard,8,2009
1352,NAmes,1962,171000,Ex,Y,SBrkr,Rec,No,3,2,2,1,0,8,Eco-Friendly,3,2008
1353,BrkSide,1937,134900,TA,Y,SBrkr,Unf,No,1,2,2,0,0,5,Standard,7,2009
1354,NoRidge,1995,410000,Ex,Y,SBrkr,GLQ,Av,3,2,2,2,0,9,Eco-Friendly,3,2010
1355,CollgCr,2000,235000,Ex,Y,SBrkr,GLQ,No,3,2,2,2,0,9,Eco-Friendly,6,2008
1356,NWAmes,1968,170000,Gd,Y,SBrkr,Unf,No,2,2,2,0,0,6,Standard,9,2006
1357,NAmes,1966,110000,TA,Y,SBrkr,Rec,No,1,2,2,1,0,6,Standard,10,2008
1358,NAmes,1971,149900,Ex,Y,SBrkr,GLQ,No,3,2,2,2,0,9,Eco-Friendly,4,2010
1359,Somerst,2000,177500,Ex,Y,SBrkr,GLQ,No,3,2,2,2,0,9,Eco-Friendly,6,2010
1360,NridgHt,2004,315000,Ex,Y,SBrkr,GLQ,Av,3,2,2,2,0,9,Eco-Friendly,9,2006
1361,SWISU,1921,189000,Ex,Y,SBrkr,Unf,No,3,2,2,0,0,7,Standard,5,2008
1362,StoneBr,2005,260000,Ex,Y,SBrkr,ALQ,Av,3,2,2,2,0,9,Eco-Friendly,6,2009
1363,NAmes,1920,104900,Gd,Y,SBrkr,Unf,No,2,2,2,0,0,6,Standard,6,2009
1366,Somerst,2000,216000,Ex,Y,SBrkr,GLQ,No,3,2,2,2,0,9,Eco-Friendly,1,2010
1368,MeadowV,1977,127000,Ex,Y,SBrkr,ALQ,No,3,2,2,2,0,9,Eco-Friendly,7,2006
1369,CollgCr,2003,144000,Ex,Y,SBrkr,GLQ,Av,3,2,2,2,0,9,Eco-Friendly,6,2009
1370,CollgCr,2003,232000,Ex,Y,SBrkr,BLQ,Av,3,2,2,1,0,8,Eco-Friendly,5,2010
1371,OldTown,1920,105000,Ex,Y,SBrkr,ALQ,No,3,2,2,2,0,9,Eco-Friendly,10,2009
1372,NAmes,1955,165500,Gd,Y,SBrkr,BLQ,Av,2,2,2,1,0,7,Standard,10,2008
1373,CollgCr,1998,274300,Ex,Y,SBrkr,GLQ,Av,3,2,2,2,0,9,Eco-Friendly,6,2006
1374,NoRidge,2001,466500,Ex,Y,SBrkr,GLQ,Gd,3,2,2,2,1,10,Eco-Friendly,3,2007
1375,Somerst,2005,250000,Ex,Y,SBrkr,Unf,No,3,2,2,0,0,7,Standard,7,2008
1377,SWISU,1930,91000,TA,N,SBrkr,Rec,Mn,1,0,2,1,0,4,Standard,4,2008
1378,Edwards,1941,117000,Ex,Y,SBrkr,LwQ,No,3,2,2,0,0,7,Standard,7,2009
1379,BrDale,1973,83000,TA,Y,SBrkr,BLQ,No,1,2,2,1,0,6,Standard,6,2006
1380,Timber,2006,167500,Gd,Y,Unknown,Unf,No,2,2,0,0,0,4,Standard,5,2008
1381,Edwards,1914,58500,TA,N,FuseF,Rec,No,1,0,1,1,0,3,Standard,6,2010
1382,NAmes,1970,237500,Ex,Y,SBrkr,BLQ,Mn,3,2,2,1,0,8,Eco-Friendly,5,2008
1383,OldTown,1920,157000,Ex,Y,SBrkr,Unf,No,3,2,2,0,0,7,Standard,10,2006
1384,Sawyer,1918,112000,Ex,Y,SBrkr,Unf,No,3,2,2,0,0,7,Standard,8,2007
1385,Edwards,1939,105000,TA,Y,SBrkr,Rec,Mn,1,2,2,1,0,6,Standard,10,2009
1386,IDOTRR,1922,125500,Gd,Y,SBrkr,BLQ,No,2,2,2,1,0,7,Standard,5,2010
1387,NWAmes,1978,250000,TA,Y,SBrkr,BLQ,No,1,2,2,1,0,6,Standard,7,2006
1389,Gilbert,2006,377500,Ex,Y,SBrkr,GLQ,Gd,3,2,2,2,1,10,Eco-Friendly,10,2009
1390,BrkSide,1941,131000,Ex,Y,SBrkr,ALQ,No,3,2,2,2,0,9,Eco-Friendly,3,2007
1391,CollgCr,2000,235000,Ex,Y,SBrkr,GLQ,Av,3,2,2,2,0,9,Eco-Friendly,9,2006
1392,NAmes,1967,124000,TA,Y,SBrkr,Unf,No,1,2,2,0,0,5,Standard,4,2009
1393,NAmes,1967,123000,TA,Y,SBrkr,ALQ,Av,1,2,2,2,0,7,Standard,12,2006
1394,OldTown,1905,163000,Ex,N,SBrkr,Unf,No,3,0,2,0,0,5,Standard,4,2008
1396,Timber,2005,281213,Ex,Y,SBrkr,Unf,Gd,3,2,2,0,1,8,Eco-Friendly,2,2007
1397,Timber,1948,160000,TA,Y,SBrkr,BLQ,Av,1,2,2,1,0,6,Standard,6,2010
1398,BrkSide,1920,137500,Ex,Y,SBrkr,Unf,Mn,3,2,2,0,0,7,Standard,5,2007
1399,NAmes,1950,138000,Gd,Y,FuseA,Rec,No,2,2,1,1,0,6,Standard,5,2009
1400,SWISU,1925,137450,Ex,Y,SBrkr,BLQ,No,3,2,2,1,0,8,Eco-Friendly,10,2009
1401,BrkSide,1929,120000,TA,Y,SBrkr,Unf,No,1,2,2,0,0,5,Standard,7,2008
1402,Gilbert,2004,193000,Ex,Y,SBrkr,GLQ,No,3,2,2,2,0,9,Eco-Friendly,4,2008
1404,Somerst,2007,282922,Ex,Y,SBrkr,GLQ,Gd,3,2,2,2,1,10,Eco-Friendly,8,2007
1406,Crawfor,2004,275000,Ex,Y,SBrkr,GLQ,Gd,3,2,2,2,1,10,Eco-Friendly,1,2008
1407,CollgCr,1972,133000,TA,Y,SBrkr,GLQ,Av,1,2,2,2,0,7,Standard,3,2009
1408,Mitchel,1985,112000,Ex,Y,SBrkr,ALQ,No,3,2,2,2,0,9,Eco-Friendly,3,2009
1409,OldTown,1910,125500,Gd,Y,SBrkr,Unf,No,2,2,2,0,0,6,Standard,6,2010
1410,NWAmes,1986,215000,Gd,Y,SBrkr,Unf,No,2,2,2,0,0,6,Standard,11,2008
1411,CollgCr,2001,230000,Ex,Y,SBrkr,GLQ,No,3,2,2,2,0,9,Eco-Friendly,6,2009
1412,NAmes,1950,140000,Ex,Y,SBrkr,BLQ,No,3,2,2,1,0,8,Eco-Friendly,9,2009
1413,NAmes,1949,90000,Fa,N,FuseF,Unf,No,0,0,1,0,0,1,Standard,6,2009
1415,BrkSide,1923,207000,Gd,Y,SBrkr,Unf,No,2,2,2,0,0,6,Standard,6,2008
1416,Blmngtn,2007,175900,Ex,Y,SBrkr,ALQ,No,3,2,2,2,0,9,Eco-Friendly,5,2009
1417,OldTown,1885,122500,Gd,Y,SBrkr,Unf,No,2,2,2,0,0,6,Standard,4,2010
1418,NoRidge,1998,340000,Ex,Y,SBrkr,GLQ,Mn,3,2,2,2,0,9,Eco-Friendly,5,2009
1419,NAmes,1963,124000,TA,Y,SBrkr,BLQ,No,1,2,2,1,0,6,Standard,8,2008
1420,Crawfor,1969,223000,Gd,Y,SBrkr,Rec,Av,2,2,2,1,0,7,Standard,12,2006
1421,NWAmes,1968,179900,Gd,Y,SBrkr,ALQ,No,2,2,2,2,0,8,Eco-Friendly,5,2006
1422,NPkVill,1977,127500,TA,Y,SBrkr,ALQ,No,1,2,2,2,0,7,Standard,7,2010
1423,CollgCr,2003,136500,Ex,Y,SBrkr,GLQ,Av,3,2,2,2,0,9,Eco-Friendly,3,2008
1425,NAmes,1958,144000,TA,Y,SBrkr,ALQ,No,1,2,2,2,0,7,Standard,6,2007
1426,NAmes,1959,142000,Ex,Y,SBrkr,Unf,No,3,2,2,0,0,7,Standard,10,2008
1427,NoRidge,1994,271000,Ex,Y,SBrkr,GLQ,No,3,2,2,2,0,9,Eco-Friendly,8,2008
1428,NAmes,1945,140000,TA,Y,FuseA,BLQ,No,1,2,1,1,0,5,Standard,4,2008
1430,NWAmes,1981,182900,Ex,Y,SBrkr,BLQ,No,3,2,2,1,0,8,Eco-Friendly,4,2007
1431,Gilbert,2005,192140,Ex,Y,SBrkr,Unf,Av,3,2,2,0,0,7,Standard,7,2006
1432,NPkVill,1976,143750,TA,Y,SBrkr,LwQ,No,1,2,2,0,0,5,Standard,10,2009
1433,OldTown,1927,64500,TA,Y,SBrkr,Unf,No,1,2,2,0,0,5,Standard,8,2007
1434,Gilbert,2000,186500,Ex,Y,SBrkr,Unf,No,3,2,2,0,0,7,Standard,5,2008
1435,Mitchel,1977,160000,Fa,Y,SBrkr,ALQ,No,0,2,2,2,0,6,Standard,5,2006
1437,NAmes,1971,120500,TA,Y,SBrkr,ALQ,No,1,2,2,2,0,7,Standard,5,2007
1439,OldTown,1957,149700,TA,Y,FuseA,GLQ,No,1,2,1,2,0,6,Standard,4,2010
1440,NWAmes,1979,197000,TA,Y,SBrkr,GLQ,No,1,2,2,2,0,7,Standard,11,2007
1441,Crawfor,1922,191000,Fa,Y,SBrkr,Unf,No,0,2,2,0,0,4,Standard,9,2008
1442,CollgCr,2004,149300,Ex,Y,SBrkr,GLQ,Av,3,2,2,2,0,9,Eco-Friendly,5,2008
1443,Somerst,2008,310000,Ex,Y,SBrkr,GLQ,Av,3,2,2,2,0,9,Eco-Friendly,4,2009
1444,BrkSide,1916,121000,Fa,N,FuseF,Unf,No,0,0,1,0,0,1,Standard,5,2009
1445,CollgCr,2004,179600,Ex,Y,SBrkr,Unf,Av,3,2,2,0,0,7,Standard,11,2007
1446,Sawyer,1966,129000,Gd,Y,SBrkr,LwQ,Gd,2,2,2,0,1,7,Standard,5,2007
1447,Mitchel,1962,157900,TA,Y,SBrkr,Rec,No,1,2,2,1,0,6,Standard,4,2010
1448,CollgCr,1995,240000,Ex,Y,SBrkr,GLQ,No,3,2,2,2,0,9,Eco-Friendly,12,2007
1449,Edwards,1910,112000,Gd,N,SBrkr,Unf,No,2,0,2,0,0,4,Standard,5,2007
1451,NAmes,1974,136000,TA,Y,SBrkr,Unf,No,1,2,2,0,0,5,Standard,9,2009
1453,Edwards,2005,145000,Gd,Y,SBrkr,GLQ,Gd,2,2,2,2,1,9,Eco-Friendly,5,2006
1455,Somerst,2004,185000,Ex,Y,SBrkr,GLQ,No,3,2,2,2,0,9,Eco-Friendly,10,2009
1456,Gilbert,1999,175000,Ex,Y,SBrkr,Unf,No,3,2,2,0,0,7,Standard,8,2007
1457,NWAmes,1978,210000,TA,Y,SBrkr,ALQ,No,1,2,2,2,0,7,Standard,2,2010
1458,Crawfor,1941,266500,Ex,Y,SBrkr,GLQ,No,3,2,2,2,0,9,Eco-Friendly,5,2010
1459,NAmes,1950,142125,Gd,Y,FuseA,GLQ,Mn,2,2,1,2,0,7,Standard,4,2010
1460,Edwards,1965,147500,Gd,Y,SBrkr,BLQ,No,2,2,2,1,0,7,Standard,6,2008
